0.012,1.004,0.023,0,0,0,0,0
0.012,1.012,0.023,0,0,0,0,0
0.012,1.023,0.023,0,0,0,0,0
0.012,1.029,0.023,0,0,0,0,0
0.012,1.039,0.023,0,0,0,0,0
0.011,1.051,0.023,0,0,0,0,0
0.011,1.059,0.023,0,0,0,0,0
0.011,1.069,0.023,0,0,0,0,0
0.011,1.083,0.023,0,0,0,0,0
0.011,1.091,0.023,0,0,0,0,0
0.011,1.103,0.023,0,0,0,0,0
0.011,1.112,0.023,0,0,0,0,0
0.011,1.126,0.023,0,0,0,0,0
0.011,1.129,0.023,0,0,0,0,0
0.011,1.139,0.023,0,0,0,0,0
0.011,1.151,0.023,0,0,0,0,0
0.011,1.162,0.023,0,0,0,0,0
0.012,1.169,0.023,0,0,0,0,0
0.012,1.179,0.023,0,0,0,0,0
0.012,1.191,0.023,0,0,0,0,0
0.012,1.202,0.023,0,0,0,0,0
0.012,1.209,0.023,0,0,0,0,0
0.012,1.219,0.023,0,0,0,0,0
0.012,1.231,0.023,0,0,0,0,0
0.012,1.242,0.023,0,0,0,0,0
0.012,1.251,0.023,0,0,0,0,0
0.012,1.259,0.023,0,0,0,0,0
0.012,1.271,0.023,0,0,0,0,0
0.012,1.283,0.023,0,0,0,0,0
0.012,1.291,0.023,0,0,0,0,0
0.012,1.303,0.023,0,0,0,0,0
0.012,1.311,0.023,0,0,0,0,0
0.012,1.322,0.023,0,0,0,0,0
0.012,1.332,0.023,0,0,0,0,0
0.012,1.341,0.023,0,0,0,0,0
0.012,1.354,0.023,0,0,0,0,0
0.012,1.359,0.023,0,0,0,0,0
0.012,1.37,0.023,0,0,0,0,0
0.012,1.379,0.023,0,0,0,0,0
0.013,1.39,0.023,0,0,0,0,0
0.013,1.399,0.023,0,0,0,0,0
0.013,1.411,0.023,0,0,0,0,0
0.013,1.421,0.023,0,0,0,0,0
0.013,1.432,0.023,0,0,0,0,0
0.013,1.439,0.023,0,0,0,0,0
0.014,1.448,0.023,0,0,0,0,0
0.014,1.459,0.023,0,0,0,0,0
0.014,1.468,0.023,0,0,0,0,0
0.015,1.478,0.023,0,0,0,0,0
0.015,1.488,0.023,0,0,0,0,0
0.015,1.498,0.023,0,0,0,0,0
0.016,1.508,0.023,0,0,0,0,0
0.016,1.518,0.023,0,0,0,0,0
0.017,1.529,0.023,0,0,0,0,0
0.017,1.538,0.023,0,0,0,0,0
0.018,1.548,0.023,0,0,0,0,0
0.018,1.558,0.023,0,0,0,0,0
0.019,1.568,0.023,0,0,0,0,0
0.02,1.578,0.023,0,0,0,0,0
0.02,1.588,0.023,0,0,0,0,0
0.021,1.598,0.023,-0.003,0,0,0,-1
0.022,1.608,0.023,-0.003,0,0,0,-1
0.022,1.618,0.023,-0.003,0,0,0,-1
0.023,1.628,0.023,-0.003,0,0,0,-1
0.023,1.638,0.023,-0.003,0,0,0,-1
0.024,1.648,0.023,-0.003,0,0,0,-1
0.025,1.658,0.023,-0.003,0,0,0,-1
0.026,1.668,0.023,-0.003,0,0,0,-1
0.027,1.678,0.023,-0.003,0,0,0,-1
0.028,1.688,0.024,-0.006,0,0,0,-2
0.029,1.698,0.023,-0.006,0,0,0,-2
0.03,1.708,0.023,-0.006,0,0,0,-2
0.031,1.718,0.023,-0.006,0,0,0,-2
0.032,1.728,0.023,-0.006,0,0,0,-2
0.033,1.738,0.023,-0.006,0,0,0,-2
0.034,1.748,0.023,-0.006,0,0,0,-2
0.035,1.758,0.023,-0.006,0,0,0,-2
0.036,1.768,0.023,-0.006,0,0,0,-2
0.037,1.778,0.023,-0.006,0,0,0,-2
0.037,1.789,0.023,-0.006,0,0,0,-2
0.038,1.798,0.023,-0.006,0,0,0,-2
0.039,1.808,0.023,-0.006,0,0,0,-2
0.039,1.818,0.023,-0.006,0,0,0,-2
0.039,1.828,0.023,-0.006,0,0,0,-2
0.04,1.838,0.023,-0.006,0,0,0,-2
0.04,1.848,0.023,-0.006,0,0,0,-2
0.04,1.858,0.023,-0.006,0,0,0,-2
0.04,1.868,0.023,-0.006,0,0,0,-2
0.04,1.878,0.023,-0.006,0,0,0,-2
0.04,1.888,0.023,-0.006,0,0,0,-2
0.04,1.898,0.023,-0.006,0,0,0,-2
0.039,1.908,0.023,-0.006,0,0,0,-2
0.039,1.918,0.023,-0.006,0,0,0,-2
0.039,1.928,0.023,-0.006,0,0,0,-2
0.039,1.938,0.023,-0.006,0,0,0,-2
0.039,1.948,0.023,-0.006,0,0,0,-2
0.038,1.958,0.023,-0.006,0,0,0,-2
0.038,1.968,0.023,-0.006,0,0,0,-2
0.038,1.978,0.023,-0.006,0,0,0,-2
0.037,1.988,0.023,-0.006,0,0,0,-2
0.037,1.998,0.023,-0.006,0,0,0,-2
0.037,2.008,0.023,-0.006,0,0,0,-2
0.036,2.018,0.023,-0.006,0,0,0,-2
0.036,2.028,0.023,-0.006,0,0,0,-2
0.036,2.038,0.023,-0.006,0,0,0,-2
0.035,2.048,0.023,-0.006,0,0,0,-2
0.035,2.058,0.023,-0.006,0,0,0,-2
0.035,2.068,0.023,-0.006,0,0,0,-2
0.035,2.078,0.023,-0.003,0,0,0,-1
0.035,2.088,0.023,-0.003,0,0,0,-1
0.035,2.098,0.023,-0.003,0,0,0,-1
0.035,2.108,0.023,-0.003,0,0,0,-1
0.035,2.118,0.023,-0.003,0,0,0,-1
0.035,2.128,0.023,-0.003,0,0,0,-1
0.035,2.138,0.023,-0.003,0,0,0,-1
0.036,-2.147,0.023,-0.003,0,0,0,-1
0.036,-2.137,0.023,-0.003,0,0,0,-1
0.037,-2.127,0.023,-0.003,0,0,0,-1
0.037,-2.117,0.023,-0.003,0,0,0,-1
0.038,-2.107,0.023,-0.003,0,0,0,-1
0.039,-2.097,0.023,-0.003,0,0,0,-1
0.04,-2.087,0.023,-0.003,0,0,0,-1
0.041,-2.077,0.023,-0.003,0,0,0,-1
0.042,-2.067,0.023,-0.003,0,0,0,-1
0.043,-2.057,0.023,-0.003,0,0,0,-1
0.044,-2.047,0.023,-0.003,0,0,0,-1
0.045,-2.037,0.023,-0.003,0,0,0,-1
0.047,-2.027,0.023,-0.003,0,0,0,-1
0.048,-2.017,0.023,-0.003,0,0,0,-1
0.049,-2.007,0.023,-0.003,0,0,0,-1
0.051,-1.997,0.023,-0.003,0,0,0,-1
0.052,-1.987,0.023,-0.003,0,0,0,-1
0.054,-1.977,0.023,-0.003,0,0,0,-1
0.055,-1.967,0.023,-0.003,0,0,0,-1
0.057,-1.957,0.023,-0.003,0,0,0,-1
0.058,-1.947,0.023,-0.003,0,0,0,-1
0.06,-1.937,0.023,-0.003,0,0,0,-1
0.062,-1.927,0.023,-0.003,0,0,0,-1
0.063,-1.917,0.067,0.003,0.3,0,1,0
0.065,-1.907,0.05,-0.003,0.3,0,0,-1
0.066,-1.897,0.042,-0.01,0.3,0,-1,-2
0.069,-1.887,0.036,-0.003,0.3,0,0,-1
0.071,-1.877,0.033,0.003,0.3,0,1,0
0.074,-1.867,0.029,0.026,0.3,0,5,3
0.076,-1.857,0.024,0.064,0.3,0,11,9
0.077,-1.847,0.021,0.109,0.3,0,19,15
0.072,-1.837,0.017,0.16,0.3,0,28,22
0.062,-1.827,0.014,0.215,0.3,0,37,30
0.05,-1.817,0.012,0.266,0.3,0,44,39
0.038,-1.807,0.054,0.33,0.6,0,53,50
0.027,-1.797,0.037,0.366,0.6,0,58,56
0.015,-1.787,0.033,0.369,0.6,0,58,57
0.005,-1.777,0.031,0.375,0.6,0,58,59
-0.001,-1.767,0.029,0.385,0.6,0,58,62
-0.001,-1.757,0.027,0.401,0.6,0,59,66
0.001,-1.746,0.027,0.411,0.6,0,59,69
0.005,-1.737,0.027,0.42,0.6,0,60,71
0.007,-1.727,0.026,0.433,0.6,0,61,74
0.009,-1.717,0.025,0.446,0.6,0,63,76
0.011,-1.707,0.024,0.465,0.6,0,66,79
0.011,-1.697,0.025,0.475,0.6,0,68,80
0.009,-1.687,0.024,0.488,0.6,0,71,81
0.007,-1.677,0.025,0.494,0.6,0,73,81
0.004,-1.667,0.026,0.497,0.6,0,74,81
0,-1.657,0.026,0.497,0.6,0,74,81
-0.004,-1.647,0.027,0.494,0.6,0,73,81
-0.007,-1.637,0.028,0.488,0.6,0,71,81
-0.008,-1.627,0.028,0.484,0.6,0,70,81
-0.009,-1.617,0.028,0.481,0.6,0,70,80
-0.009,-1.607,0.029,0.478,0.6,0,70,79
-0.009,-1.597,0.029,0.475,0.6,0,71,77
-0.01,-1.587,0.028,0.475,0.6,0,72,76
-0.012,-1.577,0.029,0.472,0.6,0,72,75
-0.014,-1.567,0.028,0.472,0.6,0,72,75
-0.016,-1.557,0.028,0.472,0.6,0,72,75
-0.019,-1.547,0.028,0.472,0.6,0,72,75
-0.021,-1.537,0.028,0.472,0.6,0,72,75
-0.025,-1.527,0.028,0.472,0.6,0,72,75
-0.028,-1.517,0.028,0.472,0.6,0,72,75
-0.032,-1.507,0.028,0.472,0.6,0,72,75
-0.036,-1.498,0.029,0.468,0.6,0,72,74
-0.04,-1.488,0.029,0.462,0.6,0,71,73
-0.044,-1.478,0.03,0.456,0.6,0,71,71
-0.047,-1.468,0.032,0.44,0.6,0,69,68
-0.049,-1.457,0.034,0.414,0.6,0,65,64
-0.049,-1.448,0.038,0.375,0.6,0,59,58
-0.046,-1.438,0.043,0.321,0.6,0,51,49
-0.039,-1.428,0.047,0.257,0.6,0,42,38
-0.03,-1.418,0.052,0.183,0.6,0,31,26
-0.019,-1.408,0.056,0.106,0.6,0,20,13
-0.007,-1.398,0.06,0.022,0.6,0,8,-1
0.005,-1.388,0.064,-0.064,0.6,0,-5,-15
0.016,-1.378,0.067,-0.151,0.6,0,-18,-29
0.027,-1.368,0.07,-0.237,0.6,0,-31,-43
0.039,-1.358,0.073,-0.324,0.6,0,-44,-57
0.05,-1.348,0.075,-0.407,0.6,0,-57,-70
0.061,-1.338,0.078,-0.494,0.6,0,-70,-84
0.073,-1.328,0.08,-0.574,0.6,0,-82,-97
0.084,-1.318,0.083,-0.661,0.6,0,-95,-111
0.095,-1.308,0.085,-0.744,0.6,0,-107,-125
0.106,-1.298,0.088,-0.825,0.6,0,-119,-138
0.117,-1.288,0.089,-0.898,0.6,0,-130,-150
0.128,-1.278,0.09,-0.969,0.6,0,-140,-162
0.14,-1.268,0.091,-1.03,0.6,0,-149,-172
0.152,-1.258,0.091,-1.084,0.6,0,-157,-181
0.163,-1.248,0.091,-1.129,0.6,0,-163,-189
0.171,-1.238,0.091,-1.174,0.6,0,-168,-198
0.174,-1.228,0.091,-1.21,0.6,0,-172,-205
0.175,-1.218,0.089,-1.229,0.6,0,-174,-209
0.174,-1.208,0.088,-1.242,0.6,0,-175,-212
0.171,-1.198,0.087,-1.248,0.6,0,-175,-214
0.167,-1.188,0.086,-1.251,0.6,0,-175,-215
0.164,-1.178,0.086,-1.254,0.6,0,-175,-216
0.161,-1.168,0.086,-1.258,0.6,0,-175,-217
0.158,-1.158,0.086,-1.258,0.6,0,-175,-217
0.156,-1.148,0.086,-1.258,0.6,0,-175,-217
0.153,-1.138,0.086,-1.258,0.6,0,-175,-217
0.151,-1.128,0.086,-1.258,0.6,0,-175,-217
0.149,-1.118,0.087,-1.258,0.6,0,-175,-217
0.148,-1.108,0.087,-1.258,0.6,0,-175,-217
0.147,-1.098,0.087,-1.258,0.6,0,-175,-217
0.146,-1.088,0.088,-1.258,0.6,0,-175,-217
0.146,-1.078,0.088,-1.258,0.6,0,-175,-217
0.146,-1.068,0.089,-1.258,0.6,0,-175,-217
0.147,-1.058,0.089,-1.258,0.6,0,-175,-217
0.148,-1.048,0.089,-1.258,0.6,0,-175,-217
0.149,-1.038,0.09,-1.258,0.6,0,-175,-217
0.15,-1.028,0.09,-1.258,0.6,0,-175,-217
0.152,-1.018,0.09,-1.254,0.6,0,-174,-217
0.153,-1.008,0.09,-1.248,0.6,0,-173,-216
0.154,-0.998,0.089,-1.238,0.6,0,-171,-215
0.154,-0.988,0.087,-1.219,0.6,0,-168,-212
0.151,-0.978,0.085,-1.19,0.6,0,-163,-208
0.146,-0.968,0.082,-1.149,0.6,0,-156,-202
0.14,-0.958,0.079,-1.104,0.6,0,-148,-196
0.132,-0.948,0.076,-1.049,0.6,0,-139,-188
0.124,-0.938,0.073,-0.988,0.6,0,-129,-179
0.115,-0.928,0.071,-0.93,0.6,0,-119,-171
0.106,-0.918,0.069,-0.869,0.6,0,-109,-162
0.097,-0.908,0.067,-0.808,0.6,0,-99,-153
0.088,-0.898,0.066,-0.748,0.6,0,-89,-144
0.08,-0.888,0.064,-0.683,0.6,0,-78,-135
0.071,-0.878,0.063,-0.629,0.6,0,-69,-127
0.063,-0.868,0.061,-0.565,0.6,0,-58,-118
0.055,-0.858,0.06,-0.507,0.6,0,-48,-110
0.047,-0.848,0.058,-0.446,0.6,0,-38,-101
0.039,-0.838,0.057,-0.388,0.6,0,-28,-93
0.031,-0.828,0.056,-0.327,0.6,0,-18,-84
0.023,-0.818,0.055,-0.273,0.6,0,-9,-76
0.015,-0.808,0.053,-0.215,0.6,0,1,-68
0.007,-0.798,0.053,-0.167,0.6,0,9,-61
-0.002,-0.788,0.054,-0.125,0.6,0,17,-56
-0.01,-0.778,0.055,-0.093,0.6,0,23,-52
-0.018,-0.768,0.055,-0.061,0.6,0,28,-47
-0.025,-0.758,0.055,-0.035,0.6,0,32,-43
-0.028,-0.748,0.056,-0.013,0.6,0,35,-39
-0.03,-0.738,0.057,0.003,0.6,0,38,-37
-0.029,-0.728,0.058,0.016,0.6,0,42,-37
-0.027,-0.718,0.059,0.022,0.6,0,44,-37
-0.024,-0.708,0.06,0.026,0.6,0,45,-37
-0.021,-0.698,0.061,0.026,0.6,0,46,-38
-0.018,-0.688,0.062,0.026,0.6,0,46,-38
-0.015,-0.678,0.062,0.026,0.6,0,47,-39
-0.012,-0.668,0.063,0.019,0.6,0,47,-41
-0.009,-0.658,0.063,0.016,0.6,0,47,-42
-0.006,-0.648,0.064,0.013,0.6,0,47,-43
-0.004,-0.638,0.063,0.013,0.6,0,47,-43
-0.003,-0.628,0.063,0.013,0.6,0,47,-43
-0.002,-0.618,0.064,0.01,0.6,0,47,-44
-0.001,-0.608,0.064,0.01,0.6,0,47,-44
0,-0.598,0.064,0.01,0.6,0,47,-44
0,-0.588,0.064,0.01,0.6,0,47,-44
0.001,-0.578,0.064,0.01,0.6,0,47,-44
0.001,-0.568,0.064,0.01,0.6,0,47,-44
0.001,-0.558,0.064,0.01,0.6,0,47,-44
0.001,-0.548,0.065,0.003,0.6,0,46,-45
0.001,-0.538,0.066,-0.006,0.6,0,46,-48
0.002,-0.528,0.068,-0.019,0.6,0,45,-51
0.005,-0.518,0.069,-0.038,0.6,0,43,-55
0.008,-0.508,0.072,-0.064,0.6,0,40,-60
0.014,-0.498,0.073,-0.09,0.6,0,38,-66
0.02,-0.488,0.075,-0.122,0.6,0,35,-73
0.027,-0.478,0.078,-0.16,0.6,0,30,-80
0.034,-0.468,0.08,-0.199,0.6,0,26,-88
0.042,-0.458,0.082,-0.241,0.6,0,21,-96
0.049,-0.448,0.084,-0.282,0.6,0,17,-105
0.058,-0.438,0.085,-0.324,0.6,0,12,-113
0.066,-0.428,0.088,-0.372,0.6,0,6,-122
0.074,-0.418,0.089,-0.414,0.6,0,1,-130
0.082,-0.408,0.091,-0.462,0.6,0,-5,-139
0.091,-0.398,0.092,-0.504,0.6,0,-9,-148
0.101,-0.388,0.094,-0.549,0.6,0,-14,-157
0.111,-0.378,0.095,-0.59,0.6,0,-19,-165
0.121,-0.368,0.096,-0.632,0.6,0,-24,-173
0.131,-0.358,0.097,-0.671,0.6,0,-28,-181
0.142,-0.348,0.097,-0.703,0.6,0,-31,-188
0.153,-0.338,0.096,-0.725,0.6,0,-33,-193
0.165,-0.328,0.096,-0.744,0.6,0,-34,-198
0.174,-0.318,0.096,-0.76,0.6,0,-35,-202
0.18,-0.308,0.096,-0.776,0.6,0,-35,-207
0.182,-0.298,0.094,-0.78,0.6,0,-34,-209
0.184,-0.288,0.093,-0.78,0.6,0,-34,-209
0.187,-0.278,0.092,-0.773,0.6,0,-32,-209
0.189,-0.268,0.092,-0.77,0.6,0,-31,-209
0.191,-0.258,0.092,-0.767,0.6,0,-30,-209
0.194,-0.248,0.091,-0.757,0.6,0,-28,-208
0.197,-0.238,0.09,-0.744,0.6,0,-26,-206
0.199,-0.228,0.088,-0.722,0.6,0,-23,-202
0.198,-0.218,0.085,-0.683,0.6,0,-17,-196
0.195,-0.208,0.081,-0.632,0.6,0,-9,-188
0.189,-0.198,0.075,-0.561,0.6,0,1,-176
0.18,-0.188,0.07,-0.484,0.6,0,12,-163
0.169,-0.178,0.065,-0.395,0.6,0,25,-148
0.156,-0.168,0.061,-0.298,0.6,0,39,-132
0.143,-0.158,0.057,-0.202,0.6,0,53,-116
0.129,-0.148,0.054,-0.106,0.6,0,67,-100
0.117,-0.138,0.051,-0.01,0.6,0,80,-83
0.105,-0.128,0.047,0.093,0.6,0,95,-66
0.093,-0.119,0.045,0.186,0.6,0,108,-50
0.081,-0.109,0.043,0.282,0.6,0,122,-34
0.07,-0.099,0.041,0.372,0.6,0,135,-19
0.059,-0.089,0.038,0.465,0.6,0,149,-4
0.048,-0.079,0.036,0.558,0.6,0,162,12
0.037,-0.069,0.078,0.651,0.9,0,176,27
0.026,-0.058,0.062,0.709,0.9,0,184,37
0.016,-0.049,0.061,0.719,0.9,0,185,39
0.01,-0.039,0.06,0.731,0.9,0,185,43
0.012,-0.029,0.058,0.754,0.9,0,186,49
0.021,-0.019,0.056,0.78,0.9,0,188,55
0.032,-0.009,0.055,0.802,0.9,0,191,59
0.043,0.001,0.054,0.828,0.9,0,194,64
0.053,0.011,0.054,0.847,0.9,0,198,66
0.061,0.021,0.052,0.876,0.9,0,204,69
0.068,0.031,0.095,0.911,1.2,0,210,74
0.073,0.041,0.076,0.937,1.2,0,213,79
0.077,0.051,0.068,0.956,1.2,0,215,83
0.081,0.061,0.063,0.979,1.2,0,218,87
0.086,0.071,0.058,1.017,1.2,0,223,94
0.089,0.081,0.054,1.056,1.2,0,228,101
0.089,0.091,0.05,1.107,1.2,0,235,110
0.087,0.101,0.046,1.168,1.2,0,244,120
0.083,0.111,0.087,1.238,1.5,0,254,132
0.078,0.121,0.067,1.296,1.5,0,262,142
0.073,0.131,0.057,1.351,1.5,0,270,151
0.068,0.141,0.052,1.405,1.5,0,278,160
0.064,0.151,0.046,1.469,1.5,0,287,171
0.06,0.161,0.088,1.53,1.8,0,296,181
0.057,0.171,0.069,1.582,1.8,0,303,190
0.054,0.181,0.061,1.62,1.8,0,308,197
0.053,0.191,0.056,1.662,1.8,0,313,205
0.053,0.201,0.052,1.71,1.8,0,319,214
0.054,0.211,0.048,1.765,1.8,0,326,224
0.056,0.221,0.09,1.819,2.1,0,333,234
0.058,0.231,0.07,1.87,2.1,0,340,243
0.061,0.241,0.061,1.912,2.1,0,345,251
0.064,0.251,0.057,1.951,2.1,0,350,258
0.066,0.261,0.053,1.996,2.1,0,357,265
0.068,0.271,0.049,2.047,2.1,0,365,273
0.07,0.281,0.091,2.105,2.4,0,374,282
0.072,0.291,0.071,2.159,2.4,0,383,290
0.074,0.301,0.062,2.198,2.4,0,389,296
0.074,0.311,0.056,2.243,2.4,0,395,304
0.075,0.321,0.052,2.291,2.4,0,401,313
0.076,0.331,0.048,2.348,2.4,0,409,323
0.076,0.341,0.091,2.403,2.7,0,417,332
0.074,0.351,0.071,2.458,2.7,0,425,341
0.071,0.361,0.062,2.499,2.7,0,431,348
0.07,0.371,0.056,2.544,2.7,0,437,356
0.069,0.381,0.052,2.599,2.7,0,445,365
0.069,0.391,0.048,2.656,2.7,0,453,375
0.069,0.401,0.089,2.721,3,0,462,386
0.07,0.411,0.069,2.782,3,0,470,397
0.07,0.421,0.06,2.83,3,0,476,406
0.071,0.431,0.054,2.881,3,0,482,416
0.071,0.441,0.05,2.936,3,0,490,425
0.071,0.451,0.046,2.997,3,0,499,435
0.07,0.461,0.088,3.061,3.3,0,508,446
0.068,0.471,0.069,3.115,3.3,0,515,456
0.065,0.481,0.059,3.163,3.3,0,520,466
0.064,0.491,0.053,3.215,3.3,0,526,476
0.063,0.501,0.049,3.272,3.3,0,533,487
0.062,0.511,0.09,3.333,3.6,0,541,498
0.063,0.521,0.07,3.388,3.6,0,548,508
0.063,0.531,0.06,3.439,3.6,0,555,517
0.064,0.541,0.054,3.491,3.6,0,562,526
0.066,0.551,0.049,3.552,3.6,0,571,536
0.068,0.561,0.09,3.619,3.9,0,581,547
0.068,0.571,0.071,3.67,3.9,0,588,556
0.066,0.581,0.062,3.715,3.9,0,594,564
0.065,0.591,0.056,3.763,3.9,0,600,573
0.064,0.601,0.051,3.818,3.9,0,608,582
0.064,0.611,0.047,3.879,3.9,0,617,592
0.064,0.621,0.089,3.943,4.2,0,626,603
0.063,0.632,0.068,4.007,4.2,0,634,615
0.062,0.641,0.06,4.052,4.2,0,640,623
0.061,0.651,0.054,4.103,4.2,0,646,633
0.062,0.661,0.05,4.161,4.2,0,654,643
0.062,0.671,0.089,4.232,4.5,0,664,655
0.063,0.681,0.07,4.29,4.5,0,672,665
0.064,0.691,0.059,4.344,4.5,0,679,675
0.064,0.701,0.054,4.395,4.5,0,686,684
0.065,0.711,0.049,4.46,4.5,0,695,695
0.065,0.721,0.09,4.524,4.8,0,704,706
0.063,0.731,0.07,4.581,4.8,0,712,716
0.061,0.741,0.06,4.633,4.8,0,719,725
0.06,0.751,0.054,4.687,4.8,0,727,734
0.059,0.761,0.05,4.745,4.8,0,736,743
0.059,0.771,0.091,4.812,5.1,0,746,754
0.059,0.781,0.071,4.87,5.1,0,755,763
0.058,0.791,0.061,4.918,5.1,0,762,771
0.058,0.801,0.056,4.97,5.1,0,770,779
0.058,0.811,0.052,5.024,5.1,0,778,788
0.059,0.821,0.048,5.082,5.1,0,786,798
0.059,0.831,0.09,5.146,5.4,0,795,809
0.058,0.841,0.07,5.204,5.4,0,803,819
0.059,0.851,0.061,5.252,5.4,0,810,827
0.06,0.861,0.054,5.307,5.4,0,818,836
0.062,0.871,0.05,5.364,5.4,0,826,846
0.064,0.881,0.091,5.428,5.7,0,836,856
0.065,0.891,0.071,5.483,5.7,0,843,866
0.066,0.901,0.061,5.534,5.7,0,850,875
0.067,0.911,0.055,5.589,5.7,0,857,885
0.068,0.921,0.05,5.653,5.7,0,866,896
0.07,0.931,0.09,5.724,6,0,877,907
0.071,0.941,0.069,5.791,6,0,887,918
0.069,0.951,0.06,5.842,6,0,895,926
0.068,0.961,0.054,5.9,6,0,904,935
0.068,0.971,0.049,5.967,6,0,915,945
0.067,0.981,0.089,6.041,6.3,0,926,957
0.066,0.991,0.069,6.105,6.3,0,935,968
0.065,1.001,0.058,6.166,6.3,0,944,978
0.064,1.011,0.052,6.227,6.3,0,953,988
0.063,1.021,0.047,6.295,6.3,0,963,999
0.063,1.031,0.088,6.369,6.6,0,974,1011
0.064,1.041,0.067,6.442,6.6,0,985,1023
0.064,1.051,0.056,6.506,6.6,0,995,1033
0.064,1.061,0.05,6.574,6.6,0,1006,1043
0.064,1.071,0.09,6.644,6.9,0,1017,1054
0.064,1.081,0.069,6.709,6.9,0,1027,1064
0.063,1.091,0.059,6.77,6.9,0,1036,1074
0.062,1.101,0.053,6.831,6.9,0,1045,1084
0.062,1.111,0.048,6.898,6.9,0,1056,1094
0.062,1.121,0.088,6.972,7.2,0,1067,1106
0.062,1.131,0.067,7.042,7.2,0,1079,1116
0.062,1.141,0.057,7.103,7.2,0,1090,1124
0.062,1.151,0.051,7.164,7.2,0,1101,1132
0.062,1.161,0.091,7.235,7.5,0,1113,1142
0.062,1.171,0.071,7.296,7.5,0,1123,1151
0.062,1.181,0.061,7.35,7.5,0,1132,1159
0.062,1.191,0.055,7.405,7.5,0,1141,1167
0.063,1.201,0.049,7.472,7.5,0,1152,1177
0.065,1.211,0.09,7.543,7.8,0,1164,1187
0.067,1.221,0.069,7.613,7.8,0,1175,1198
0.069,1.231,0.058,7.681,7.8,0,1187,1207
0.072,1.241,0.052,7.745,7.8,0,1197,1217
0.074,1.251,0.091,7.819,8.1,0,1209,1228
0.073,1.261,0.071,7.883,8.1,0,1220,1237
0.071,1.27,0.06,7.944,8.1,0,1231,1245
0.07,1.28,0.053,8.008,8.1,0,1243,1253
0.069,1.29,0.048,8.082,8.1,0,1256,1263
0.069,1.3,0.088,8.162,8.4,0,1270,1274
0.07,1.31,0.066,8.242,8.4,0,1284,1285
0.071,1.32,0.055,8.313,8.4,0,1296,1295
0.072,1.33,0.049,8.383,8.4,0,1308,1305
0.072,1.34,0.089,8.46,8.7,0,1322,1315
0.07,1.35,0.068,8.531,8.7,0,1335,1324
0.068,1.36,0.058,8.595,8.7,0,1347,1332
0.066,1.37,0.051,8.662,8.7,0,1359,1341
0.065,1.38,0.09,8.739,9,0,1373,1351
0.064,1.39,0.069,8.813,9,0,1386,1361
0.065,1.4,0.058,8.881,9,0,1398,1370
0.065,1.41,0.051,8.948,9,0,1410,1379
0.067,1.42,0.09,9.031,9.3,0,1424,1391
0.069,1.43,0.068,9.112,9.3,0,1438,1402
0.071,1.44,0.057,9.179,9.3,0,1450,1411
0.071,1.45,0.051,9.246,9.3,0,1462,1420
0.071,1.46,0.09,9.327,9.6,0,1476,1431
0.071,1.471,0.069,9.404,9.6,0,1489,1442
0.07,1.481,0.058,9.474,9.6,0,1501,1452
0.069,1.49,0.051,9.548,9.6,0,1513,1463
0.07,1.5,0.089,9.631,9.9,0,1527,1475
0.069,1.51,0.069,9.705,9.9,0,1540,1485
0.068,1.52,0.058,9.773,9.9,0,1551,1495
0.067,1.53,0.051,9.846,9.9,0,1563,1506
0.067,1.54,0.09,9.93,10.2,0,1577,1518
0.067,1.55,0.068,10.007,10.2,0,1589,1530
0.067,1.56,0.058,10.074,10.2,0,1599,1541
0.066,1.57,0.051,10.148,10.2,0,1611,1552
0.066,1.58,0.09,10.228,10.5,0,1623,1565
0.066,1.59,0.069,10.305,10.5,0,1636,1576
0.066,1.6,0.058,10.373,10.5,0,1647,1586
0.066,1.61,0.051,10.45,10.5,0,1659,1598
0.066,1.62,0.09,10.533,10.8,0,1672,1611
0.066,1.63,0.069,10.607,10.8,0,1682,1624
0.066,1.64,0.058,10.677,10.8,0,1692,1636
0.066,1.65,0.051,10.751,10.8,0,1702,1649
0.066,1.66,0.09,10.835,11.1,0,1714,1663
0.065,1.67,0.069,10.912,11.1,0,1726,1675
0.064,1.68,0.058,10.982,11.1,0,1737,1686
0.065,1.69,0.051,11.053,11.1,0,1748,1697
0.065,1.7,0.09,11.139,11.4,0,1761,1711
0.065,1.71,0.069,11.213,11.4,0,1771,1724
0.064,1.721,0.058,11.284,11.4,0,1780,1737
0.064,1.73,0.052,11.354,11.4,0,1789,1750
0.065,1.74,0.091,11.434,11.7,0,1800,1764
0.066,1.75,0.069,11.511,11.7,0,1810,1778
0.068,1.76,0.057,11.588,11.7,0,1820,1792
0.07,1.77,0.05,11.669,11.7,0,1831,1806
0.072,1.78,0.088,11.762,12,0,1844,1822
0.071,1.79,0.067,11.839,12,0,1854,1836
0.069,1.8,0.056,11.916,12,0,1864,1850
0.067,1.81,0.049,11.993,12,0,1875,1863
0.065,1.82,0.087,12.086,12.3,0,1888,1879
0.065,1.83,0.065,12.172,12.3,0,1900,1894
0.065,1.84,0.054,12.253,12.3,0,1911,1908
0.065,1.85,0.092,12.336,12.6,0,1923,1922
0.065,1.86,0.069,12.416,12.6,0,1933,1937
0.065,1.87,0.058,12.487,12.6,0,1942,1950
0.065,1.88,0.05,12.567,12.6,0,1953,1964
0.066,1.89,0.089,12.654,12.9,0,1965,1979
0.067,1.9,0.066,12.747,12.9,0,1978,1995
0.069,1.91,0.055,12.827,12.9,0,1989,2009
0.07,1.92,0.092,12.917,13.2,0,2001,2025
0.071,1.93,0.069,13,13.2,0,2012,2040
0.072,1.94,0.058,13.077,13.2,0,2022,2054
0.072,1.95,0.05,13.157,13.2,0,2034,2067
0.073,1.96,0.088,13.257,13.5,0,2049,2083
0.073,1.97,0.066,13.343,13.5,0,2063,2096
0.07,1.98,0.055,13.424,13.5,0,2075,2109
0.069,1.99,0.092,13.51,13.8,0,2089,2122
0.068,2,0.069,13.597,13.8,0,2102,2136
0.067,2.01,0.057,13.677,13.8,0,2115,2148
0.068,2.02,0.049,13.764,13.8,0,2129,2161
0.069,2.03,0.088,13.857,14.1,0,2144,2175
0.069,2.04,0.066,13.947,14.1,0,2157,2190
0.069,2.05,0.055,14.03,14.1,0,2169,2204
0.07,2.06,0.092,14.12,14.4,0,2182,2219
0.071,2.07,0.068,14.213,14.4,0,2196,2234
0.073,2.08,0.056,14.296,14.4,0,2210,2246
0.074,2.09,0.048,14.386,14.4,0,2225,2259
0.075,2.1,0.086,14.489,14.7,0,2243,2273
0.073,2.11,0.064,14.585,14.7,0,2260,2286
0.07,2.12,0.053,14.672,14.7,0,2275,2298
0.068,2.13,0.09,14.765,15,0,2290,2312
0.066,2.14,0.066,14.858,15,0,2306,2325
0.065,-2.145,0.054,14.948,15,0,2322,2337
0.065,-2.135,0.091,15.041,15.3,0,2338,2350
0.066,-2.125,0.067,15.134,15.3,0,2354,2363
0.068,-2.115,0.055,15.22,15.3,0,2369,2375
0.069,-2.105,0.091,15.317,15.6,0,2386,2388
0.07,-2.095,0.069,15.4,15.6,0,2401,2399
0.07,-2.085,0.058,15.48,15.6,0,2415,2410
0.07,-2.075,0.049,15.57,15.6,0,2431,2422
0.071,-2.065,0.087,15.669,15.9,0,2448,2436
0.072,-2.055,0.065,15.763,15.9,0,2464,2449
0.071,-2.045,0.054,15.849,15.9,0,2479,2461
0.07,-2.035,0.091,15.942,16.2,0,2495,2474
0.071,-2.025,0.067,16.035,16.2,0,2511,2487
0.071,-2.015,0.055,16.125,16.2,0,2527,2499
0.071,-2.005,0.092,16.215,16.5,0,2542,2512
0.072,-1.995,0.069,16.308,16.5,0,2558,2525
0.071,-1.985,0.057,16.388,16.5,0,2571,2537
0.071,-1.975,0.049,16.481,16.5,0,2587,2550
0.072,-1.965,0.087,16.584,16.8,0,2604,2565
0.072,-1.955,0.064,16.68,16.8,0,2619,2580
0.07,-1.945,0.053,16.767,16.8,0,2633,2593
0.068,-1.935,0.09,16.863,17.1,0,2648,2608
0.067,-1.925,0.067,16.953,17.1,0,2662,2622
0.067,-1.915,0.054,17.046,17.1,0,2677,2636
0.067,-1.905,0.091,17.142,17.4,0,2692,2651
0.068,-1.895,0.067,17.238,17.4,0,2707,2666
0.069,-1.885,0.055,17.328,17.4,0,2721,2680
0.071,-1.875,0.091,17.431,17.7,0,2738,2695
0.071,-1.865,0.068,17.521,17.7,0,2752,2709
0.07,-1.855,0.056,17.611,17.7,0,2766,2723
0.07,-1.845,0.092,17.707,18,0,2781,2738
0.07,-1.835,0.069,17.8,18,0,2795,2753
0.07,-1.825,0.056,17.893,18,0,2809,2768
0.07,-1.815,0.048,17.989,18,0,2823,2784
0.071,-1.805,0.084,18.105,18.3,0,2840,2803
0.071,-1.795,0.061,18.214,18.3,0,2857,2820
0.068,-1.785,0.095,18.31,18.6,0,2871,2836
0.065,-1.775,0.07,18.403,18.6,0,2885,2851
0.063,-1.765,0.058,18.49,18.6,0,2898,2865
0.061,-1.755,0.049,18.583,18.6,0,2912,2880
0.06,-1.745,0.087,18.685,18.9,0,2927,2897
0.06,-1.735,0.064,18.785,18.9,0,2942,2913
0.06,-1.725,0.053,18.878,18.9,0,2955,2929
0.061,-1.715,0.089,18.98,19.2,0,2970,2946
0.063,-1.705,0.066,19.08,19.2,0,2984,2963
0.065,-1.695,0.052,19.179,19.2,0,2998,2980
0.068,-1.685,0.088,19.285,19.5,0,3013,2998
0.071,-1.675,0.064,19.394,19.5,0,3029,3016
0.074,-1.665,0.051,19.497,19.5,0,3045,3032
0.074,-1.655,0.087,19.606,19.8,0,3061,3050
0.073,-1.645,0.063,19.715,19.8,0,3077,3068
0.07,-1.635,0.095,19.818,20.1,0,3091,3086
0.068,-1.625,0.069,19.92,20.1,0,3106,3103
0.066,-1.615,0.056,20.017,20.1,0,3119,3120
0.064,-1.605,0.092,20.116,20.4,0,3133,3137
0.064,-1.596,0.067,20.222,20.4,0,3148,3155
0.064,-1.586,0.055,20.318,20.4,0,3162,3171
0.065,-1.576,0.09,20.424,20.7,0,3177,3189
0.067,-1.566,0.067,20.527,20.7,0,3192,3206
0.07,-1.556,0.054,20.63,20.7,0,3207,3223
0.073,-1.546,0.09,20.735,21,0,3223,3240
0.075,-1.536,0.066,20.841,21,0,3240,3256
0.076,-1.525,0.052,20.95,21,0,3258,3272
0.079,-1.516,0.088,21.059,21.3,0,3275,3289
0.081,-1.506,0.063,21.178,21.3,0,3293,3308
0.081,-1.496,0.051,21.284,21.3,0,3308,3326
0.08,-1.486,0.086,21.403,21.6,0,3326,3345
0.078,-1.476,0.061,21.525,21.6,0,3344,3365
0.075,-1.466,0.093,21.637,21.9,0,3361,3383
0.073,-1.456,0.067,21.746,21.9,0,3377,3401
0.072,-1.446,0.052,21.858,21.9,0,3394,3419
0.071,-1.436,0.087,21.974,22.2,0,3411,3438
0.071,-1.426,0.062,22.093,22.2,0,3429,3457
0.071,-1.416,0.094,22.208,22.5,0,3446,3476
0.072,-1.406,0.068,22.317,22.5,0,3461,3495
0.072,-1.396,0.054,22.42,22.5,0,3476,3512
0.073,-1.386,0.09,22.532,22.8,0,3493,3530
0.074,-1.376,0.065,22.644,22.8,0,3509,3549
0.074,-1.365,0.051,22.757,22.8,0,3525,3568
0.074,-1.356,0.088,22.869,23.1,0,3541,3587
0.074,-1.346,0.062,22.991,23.1,0,3559,3607
0.074,-1.336,0.094,23.106,23.4,0,3576,3626
0.073,-1.326,0.068,23.215,23.4,0,3592,3644
0.073,-1.316,0.054,23.321,23.4,0,3607,3662
0.073,-1.306,0.089,23.44,23.7,0,3624,3682
0.074,-1.296,0.063,23.562,23.7,0,3642,3702
0.075,-1.286,0.05,23.674,23.7,0,3658,3721
0.075,-1.276,0.085,23.799,24,0,3676,3742
0.074,-1.266,0.061,23.921,24,0,3693,3763
0.071,-1.256,0.093,24.037,24.3,0,3710,3782
0.069,-1.246,0.066,24.152,24.3,0,3727,3801
0.068,-1.236,0.052,24.265,24.3,0,3743,3820
0.067,-1.226,0.087,24.383,24.6,0,3761,3839
0.067,-1.216,0.062,24.505,24.6,0,3779,3859
0.067,-1.206,0.094,24.621,24.9,0,3796,3878
0.067,-1.196,0.067,24.736,24.9,0,3813,3897
0.068,-1.186,0.053,24.845,24.9,0,3828,3916
0.069,-1.176,0.088,24.967,25.2,0,3846,3936
0.071,-1.166,0.063,25.086,25.2,0,3863,3956
0.072,-1.156,0.094,25.205,25.5,0,3880,3976
0.074,-1.146,0.068,25.32,25.5,0,3896,3996
0.077,-1.136,0.052,25.439,25.5,0,3913,4016
0.08,-1.126,0.086,25.57,25.8,0,3933,4037
0.081,-1.116,0.061,25.699,25.8,0,3953,4057
0.078,-1.106,0.092,25.824,26.1,0,3973,4076
0.076,-1.096,0.064,25.952,26.1,0,3993,4096
0.074,-1.086,0.049,26.077,26.1,0,4013,4115
0.073,-1.076,0.084,26.212,26.4,0,4035,4135
0.071,-1.066,0.058,26.35,26.4,0,4057,4156
0.069,-1.056,0.089,26.482,26.7,0,4077,4177
0.068,-1.046,0.062,26.61,26.7,0,4097,4197
0.067,-1.035,0.091,26.741,27,0,4117,4218
0.067,-1.026,0.067,26.85,27,0,4134,4235
0.068,-1.016,0.052,26.966,27,0,4152,4253
0.07,-1.006,0.087,27.091,27.3,0,4172,4272
0.071,-0.996,0.061,27.223,27.3,0,4194,4291
0.072,-0.986,0.092,27.345,27.6,0,4215,4308
0.074,-0.976,0.065,27.47,27.6,0,4237,4325
0.077,-0.966,0.05,27.592,27.6,0,4258,4342
0.08,-0.956,0.083,27.73,27.9,0,4281,4362
0.08,-0.946,0.057,27.871,27.9,0,4304,4383
0.078,-0.936,0.087,28.009,28.2,0,4327,4403
0.075,-0.926,0.061,28.14,28.2,0,4349,4422
0.073,-0.916,0.089,28.278,28.5,0,4372,4442
0.071,-0.906,0.062,28.41,28.5,0,4394,4461
0.07,-0.896,0.092,28.538,28.8,0,4416,4479
0.07,-0.886,0.064,28.67,28.8,0,4438,4498
0.071,-0.876,0.093,28.801,29.1,0,4460,4517
0.072,-0.866,0.067,28.923,29.1,0,4480,4535
0.073,-0.856,0.051,29.048,29.1,0,4501,4553
0.075,-0.846,0.085,29.183,29.4,0,4523,4573
0.076,-0.836,0.059,29.324,29.4,0,4545,4595
0.075,-0.826,0.09,29.456,29.7,0,4567,4614
0.074,-0.816,0.063,29.587,29.7,0,4589,4633
0.072,-0.806,0.093,29.716,30,0,4610,4652
0.071,-0.796,0.066,29.844,30,0,4631,4671
0.072,-0.786,0.051,29.966,30,0,4651,4689
0.072,-0.776,0.085,30.104,30.3,0,4674,4709
0.073,-0.766,0.058,30.245,30.3,0,4697,4730
0.074,-0.756,0.088,30.383,30.6,0,4718,4752
0.074,-0.746,0.062,30.514,30.6,0,4738,4773
0.075,-0.736,0.091,30.649,30.9,0,4759,4794
0.077,-0.726,0.064,30.781,30.9,0,4779,4815
0.078,-0.716,0.093,30.915,31.2,0,4801,4835
0.079,-0.706,0.065,31.047,31.2,0,4822,4855
0.081,-0.696,0.05,31.179,31.2,0,4843,4875
0.083,-0.686,0.081,31.333,31.5,0,4868,4898
0.082,-0.676,0.054,31.49,31.5,0,4893,4922
0.078,-0.666,0.084,31.641,31.8,0,4917,4945
0.074,-0.656,0.055,31.798,31.8,0,4942,4969
0.071,-0.646,0.084,31.952,32.1,0,4967,4992
0.068,-0.636,0.1,32.109,32.4,0,4992,5016
0.065,-0.626,0.068,32.247,32.4,0,5015,5036
0.063,-0.616,0.051,32.382,32.4,0,5037,5056
0.062,-0.606,0.083,32.526,32.7,0,5061,5077
0.061,-0.596,0.057,32.674,32.7,0,5085,5099
0.06,-0.586,0.087,32.818,33,0,5109,5120
0.06,-0.576,0.059,32.962,33,0,5133,5141
0.061,-0.566,0.088,33.104,33.3,0,5156,5162
0.063,-0.556,0.061,33.241,33.3,0,5179,5182
0.065,-0.546,0.09,33.379,33.6,0,5202,5202
0.067,-0.536,0.062,33.517,33.6,0,5225,5222
0.071,-0.526,0.092,33.652,33.9,0,5247,5242
0.075,-0.516,0.063,33.79,33.9,0,5270,5262
0.08,-0.506,0.092,33.928,34.2,0,5293,5282
0.083,-0.496,0.064,34.066,34.2,0,5316,5302
0.085,-0.486,0.092,34.207,34.5,0,5340,5322
0.086,-0.476,0.064,34.348,34.5,0,5363,5343
0.087,-0.466,0.047,34.496,34.5,0,5387,5365
0.087,-0.456,0.078,34.666,34.8,0,5415,5390
0.085,-0.446,0.094,34.839,35.1,0,5444,5415
0.078,-0.436,0.062,34.996,35.1,0,5470,5438
0.072,-0.426,0.089,35.15,35.4,0,5495,5461
0.066,-0.416,0.06,35.304,35.4,0,5521,5483
0.062,-0.406,0.089,35.455,35.7,0,5545,5506
0.059,-0.396,0.061,35.603,35.7,0,5568,5529
0.058,-0.386,0.089,35.75,36,0,5591,5552
0.058,-0.376,0.062,35.892,36,0,5613,5574
0.059,-0.366,0.092,36.029,36.3,0,5634,5596
0.061,-0.356,0.064,36.167,36.3,0,5655,5618
0.064,-0.346,0.094,36.302,36.6,0,5676,5639
0.068,-0.336,0.066,36.437,36.6,0,5697,5660
0.072,-0.326,0.051,36.568,36.6,0,5718,5680
0.078,-0.316,0.083,36.722,36.9,0,5742,5704
0.083,-0.306,0.053,36.893,36.9,0,5769,5730
0.087,-0.296,0.081,37.063,37.2,0,5797,5755
0.088,-0.286,0.097,37.233,37.5,0,5825,5780
0.086,-0.276,0.064,37.39,37.5,0,5850,5804
0.083,-0.264,0.085,37.579,37.8,0,5879,5834
0.081,-0.256,0.061,37.711,37.8,0,5899,5855
0.08,-0.246,0.087,37.877,38.1,0,5925,5881
0.079,-0.236,0.057,38.044,38.1,0,5950,5908
0.079,-0.226,0.084,38.211,38.4,0,5975,5935
0.078,-0.216,0.055,38.381,38.4,0,6000,5963
0.077,-0.206,0.083,38.548,38.7,0,6026,5989
0.075,-0.197,0.095,38.741,39,0,6052,6023
0.073,-0.187,0.063,38.898,39,0,6076,6048
0.072,-0.176,0.089,39.058,39.3,0,6101,6073
0.072,-0.167,0.061,39.209,39.3,0,6124,6097
0.072,-0.157,0.088,39.369,39.6,0,6148,6123
0.073,-0.147,0.059,39.527,39.6,0,6172,6148
0.075,-0.137,0.087,39.687,39.9,0,6196,6174
0.078,-0.127,0.057,39.851,39.9,0,6221,6200
0.081,-0.117,0.086,40.011,40.2,0,6246,6225
0.082,-0.107,0.055,40.181,40.2,0,6274,6250
0.084,-0.097,0.082,40.354,40.5,0,6302,6276
0.084,-0.086,0.097,40.531,40.8,0,6329,6304
0.083,-0.077,0.064,40.691,40.8,0,6353,6330
0.082,-0.067,0.09,40.852,41.1,0,6377,6356
0.082,-0.057,0.058,41.022,41.1,0,6403,6383
0.082,-0.047,0.085,41.195,41.4,0,6430,6410
0.082,-0.037,0.055,41.365,41.4,0,6456,6437
0.081,-0.026,0.082,41.545,41.7,0,6483,6466
0.079,-0.017,0.097,41.721,42,0,6509,6495
0.076,-0.006,0.062,41.898,42,0,6536,6523
0.074,0.003,0.089,42.055,42.3,0,6559,6549
0.073,0.013,0.059,42.222,42.3,0,6584,6576
0.072,0.023,0.085,42.395,42.6,0,6610,6604
0.072,0.034,0.055,42.571,42.6,0,6636,6633
0.073,0.043,0.082,42.748,42.9,0,6662,6662
0.074,0.054,0.096,42.931,43.2,0,6689,6692
0.073,0.063,0.064,43.091,43.2,0,6712,6719
0.072,0.073,0.089,43.255,43.5,0,6736,6746
0.072,0.083,0.059,43.418,43.5,0,6760,6773
0.072,0.093,0.086,43.588,43.8,0,6785,6801
0.073,0.103,0.056,43.758,43.8,0,6810,6829
0.075,0.113,0.082,43.938,44.1,0,6837,6858
0.077,0.123,0.097,44.118,44.4,0,6863,6888
0.078,0.133,0.063,44.285,44.4,0,6887,6916
0.079,0.143,0.089,44.455,44.7,0,6912,6944
0.08,0.153,0.058,44.628,44.7,0,6938,6972
0.081,0.163,0.084,44.807,45,0,6965,7001
0.082,0.173,0.052,44.997,45,0,6994,7031
0.081,0.183,0.08,45.176,45.3,0,7021,7060
0.08,0.193,0.093,45.375,45.6,0,7051,7092
0.077,0.203,0.059,45.555,45.6,0,7078,7121
0.074,0.213,0.084,45.735,45.9,0,7106,7149
0.073,0.223,0.097,45.924,46.2,0,7135,7179
0.073,0.233,0.061,46.104,46.2,0,7163,7207
0.073,0.243,0.086,46.283,46.5,0,7191,7235
0.074,0.253,0.055,46.466,46.5,0,7220,7263
0.075,0.263,0.081,46.652,46.8,0,7249,7292
0.076,0.273,0.095,46.842,47.1,0,7279,7321
0.074,0.283,0.061,47.015,47.1,0,7306,7348
0.074,0.293,0.087,47.188,47.4,0,7333,7375
0.074,0.303,0.056,47.368,47.4,0,7361,7403
0.075,0.313,0.081,47.557,47.7,0,7391,7432
0.076,0.323,0.095,47.746,48,0,7421,7461
0.076,0.333,0.06,47.926,48,0,7448,7490
0.077,0.343,0.085,48.106,48.3,0,7476,7518
0.077,0.353,0.054,48.292,48.3,0,7505,7547
0.078,0.363,0.08,48.478,48.6,0,7535,7575
0.077,0.373,0.093,48.677,48.9,0,7566,7606
0.075,0.383,0.06,48.85,48.9,0,7593,7633
0.074,0.393,0.084,49.036,49.2,0,7622,7662
0.073,0.403,0.097,49.222,49.5,0,7651,7691
0.072,0.413,0.062,49.402,49.5,0,7679,7719
0.073,0.423,0.087,49.581,49.8,0,7707,7747
0.074,0.433,0.055,49.768,49.8,0,7736,7776
0.075,0.443,0.081,49.957,50.1,0,7766,7805
0.075,0.453,0.094,50.153,50.4,0,7795,7837
0.076,0.463,0.059,50.339,50.4,0,7823,7867
0.076,0.473,0.083,50.531,50.7,0,7852,7898
0.078,0.483,0.096,50.727,51,0,7881,7930
0.079,0.493,0.059,50.923,51,0,7911,7961
0.081,0.503,0.083,51.115,51.3,0,7942,7990
0.081,0.513,0.094,51.324,51.6,0,7975,8022
0.081,0.523,0.06,51.51,51.6,0,8004,8051
0.08,0.533,0.082,51.712,51.9,0,8036,8082
0.08,0.543,0.095,51.914,52.2,0,8068,8113
0.08,0.553,0.058,52.113,52.2,0,8099,8144
0.08,0.563,0.082,52.312,52.5,0,8131,8174
0.079,0.573,0.094,52.52,52.8,0,8164,8206
0.078,0.583,0.059,52.713,52.8,0,8194,8236
0.077,0.593,0.08,52.925,53.1,0,8228,8268
0.077,0.603,0.095,53.12,53.4,0,8259,8298
0.077,0.613,0.058,53.322,53.4,0,8292,8328
0.077,0.623,0.083,53.515,53.7,0,8324,8356
0.077,0.633,0.095,53.72,54,0,8357,8387
0.077,0.643,0.059,53.916,54,0,8388,8417
0.078,0.653,0.082,54.115,54.3,0,8420,8447
0.079,0.663,0.094,54.323,54.6,0,8454,8478
0.079,0.673,0.058,54.519,54.6,0,8485,8508
0.079,0.683,0.082,54.721,54.9,0,8518,8538
0.079,0.693,0.094,54.93,55.2,0,8551,8570
0.079,0.703,0.058,55.129,55.2,0,8583,8600
0.078,0.714,0.079,55.344,55.5,0,8617,8633
0.079,0.723,0.094,55.543,55.8,0,8648,8664
0.078,0.733,0.057,55.748,55.8,0,8681,8695
0.078,0.743,0.08,55.95,56.1,0,8713,8726
0.078,0.753,0.091,56.171,56.4,0,8749,8759
0.078,0.763,0.055,56.373,56.4,0,8781,8790
0.077,0.773,0.078,56.588,56.7,0,8815,8823
0.078,0.783,0.09,56.803,57,0,8849,8856
0.077,0.793,0.098,57.015,57.3,0,8883,8888
0.076,0.803,0.061,57.211,57.3,0,8915,8917
0.076,0.813,0.082,57.419,57.6,0,8949,8948
0.077,0.823,0.094,57.631,57.9,0,8983,8980
0.078,0.833,0.056,57.84,57.9,0,9017,9011
0.08,0.843,0.077,58.064,58.2,0,9053,9045
0.082,0.853,0.09,58.282,58.5,0,9088,9078
0.082,0.863,0.054,58.491,58.5,0,9122,9109
0.082,0.873,0.076,58.712,58.8,0,9158,9142
0.082,0.883,0.088,58.934,59.1,0,9194,9175
0.081,0.893,0.095,59.155,59.4,0,9231,9207
0.08,0.903,0.055,59.376,59.4,0,9265,9242
0.08,0.913,0.077,59.598,59.7,0,9301,9275
0.08,0.923,0.088,59.826,60,0,9338,9309
0.079,0.933,0.096,60.041,60.3,0,9373,9341
0.077,0.943,0.058,60.249,60.3,0,9407,9372
0.077,0.953,0.079,60.464,60.6,0,9442,9404
0.077,0.963,0.09,60.689,60.9,0,9478,9438
0.077,0.973,0.098,60.904,61.2,0,9512,9471
0.078,0.983,0.058,61.119,61.2,0,9546,9504
0.079,0.993,0.08,61.337,61.5,0,9581,9537
0.08,1.003,0.09,61.565,61.8,0,9617,9572
0.08,1.013,0.053,61.783,61.8,0,9652,9605
0.079,1.023,0.076,62.004,62.1,0,9687,9639
0.079,1.033,0.086,62.238,62.4,0,9724,9675
0.077,1.043,0.094,62.463,62.7,0,9759,9710
0.075,1.053,0.055,62.678,62.7,0,9793,9743
0.074,1.063,0.077,62.899,63,0,9828,9777
0.073,1.073,0.088,63.127,63.3,0,9864,9812
0.073,1.083,0.095,63.355,63.6,0,9900,9847
0.074,1.093,0.055,63.576,63.6,0,9935,9881
0.076,1.103,0.075,63.807,63.9,0,9971,9917
0.079,1.113,0.086,64.041,64.2,0,10008,9953
0.079,1.123,0.093,64.269,64.5,0,10044,9988
0.079,1.133,0.055,64.484,64.5,0,10078,10021
0.08,1.143,0.075,64.718,64.8,0,10115,10057
0.082,1.153,0.086,64.953,65.1,0,10153,10092
0.082,1.163,0.093,65.18,65.4,0,10190,10126
0.082,1.172,0.099,65.402,65.7,0,10226,10159
0.082,1.182,0.059,65.617,65.7,0,10261,10191
0.084,1.192,0.079,65.844,66,0,10298,10225
0.086,1.203,0.088,66.085,66.3,0,10336,10262
0.087,1.212,0.095,66.313,66.6,0,10371,10298
0.088,1.222,0.057,66.531,66.6,0,10406,10331
0.089,1.232,0.077,66.762,66.9,0,10442,10367
0.091,1.242,0.086,67.009,67.2,0,10482,10404
0.09,1.252,0.093,67.243,67.5,0,10520,10439
0.09,1.262,0.054,67.468,67.5,0,10556,10473
0.089,1.272,0.075,67.702,67.8,0,10593,10509
0.089,1.282,0.083,67.956,68.1,0,10633,10548
0.087,1.292,0.09,68.196,68.4,0,10671,10585
0.086,1.302,0.096,68.43,68.7,0,10707,10622
0.085,1.312,0.055,68.661,68.7,0,10743,10658
0.084,1.322,0.074,68.905,69,0,10782,10695
0.085,1.332,0.083,69.162,69.3,0,10822,10735
0.084,1.342,0.089,69.409,69.6,0,10861,10773
0.084,1.352,0.094,69.646,69.9,0,10898,10810
0.084,1.362,0.053,69.887,69.9,0,10936,10847
0.084,1.372,0.072,70.137,70.2,0,10975,10886
0.085,1.382,0.08,70.397,70.5,0,11017,10925
0.084,1.392,0.087,70.647,70.8,0,11057,10963
0.083,1.402,0.092,70.888,71.1,0,11095,11000
0.082,1.413,0.096,71.129,71.4,0,11133,11037
0.082,1.422,0.055,71.36,71.4,0,11170,11072
0.084,1.432,0.074,71.607,71.7,0,11209,11110
0.086,1.442,0.081,71.873,72,0,11251,11151
0.087,1.452,0.088,72.123,72.3,0,11291,11189
0.087,1.462,0.093,72.367,72.6,0,11330,11226
0.087,1.472,0.097,72.604,72.9,0,11368,11262
0.089,1.482,0.056,72.839,72.9,0,11405,11298
0.091,1.492,0.075,73.086,73.2,0,11445,11335
0.094,1.502,0.082,73.349,73.5,0,11486,11376
0.094,1.512,0.09,73.593,73.8,0,11525,11413
0.093,1.522,0.095,73.83,74.1,0,11562,11450
0.093,1.532,0.054,74.067,74.1,0,11600,11486
0.094,1.542,0.073,74.314,74.4,0,11639,11524
0.096,1.552,0.08,74.584,74.7,0,11681,11566
0.098,1.562,0.086,74.841,75,0,11721,11606
0.098,1.572,0.091,75.088,75.3,0,11760,11644
0.099,1.582,0.095,75.335,75.6,0,11799,11682
0.1,1.592,0.053,75.575,75.6,0,11837,11719
0.103,1.602,0.072,75.832,75.9,0,11878,11758
0.107,1.612,0.078,76.108,76.2,0,11921,11801
0.109,1.622,0.085,76.365,76.5,0,11961,11841
0.109,1.632,0.09,76.618,76.8,0,12001,11880
0.111,1.642,0.093,76.865,77.1,0,12040,11918
0.114,1.652,0.096,77.115,77.4,0,12080,11956
0.118,1.662,0.053,77.366,77.4,0,12120,11994
0.124,1.672,0.071,77.625,77.7,0,12161,12034
0.13,1.682,0.079,77.898,78,0,12205,12075
0.132,1.692,0.083,78.174,78.3,0,12249,12117
0.132,1.702,0.086,78.444,78.6,0,12292,12158
0.132,1.712,0.088,78.716,78.9,0,12336,12199
0.132,1.722,0.089,78.986,79.2,0,12379,12240
0.132,1.732,0.09,79.258,79.5,0,12423,12281
0.133,1.742,0.091,79.531,79.8,0,12466,12323
0.134,1.752,0.092,79.804,80.1,0,12509,12365
0.135,1.762,0.048,80.077,80.1,0,12553,12406
0.135,1.772,0.064,80.365,80.4,0,12599,12450
0.135,1.782,0.071,80.667,80.7,0,12647,12496
0.132,1.792,0.072,80.985,81,0,12697,12545
0.128,1.802,0.075,81.283,81.3,0,12744,12591
0.122,1.812,0.074,81.597,81.6,0,12794,12639
0.116,1.822,0.073,81.912,81.9,0,12844,12687
0.111,1.832,0.074,82.22,82.2,0,12892,12735
0.106,1.842,0.073,82.534,82.5,0,12942,12783
0.101,1.852,0.072,82.852,82.8,0,12993,12831
0.096,1.862,0.072,83.163,83.1,0,13043,12878
0.093,1.872,0.071,83.481,83.4,0,13093,12927
0.089,1.882,0.071,83.792,83.7,0,13143,12974
0.086,1.892,0.07,84.106,84,0,13193,13022
0.083,1.902,0.071,84.414,84.3,0,13243,13068
0.08,1.912,0.071,84.722,84.6,0,13292,13115
0.077,1.922,0.071,85.027,84.9,0,13341,13161
0.074,1.932,0.071,85.335,85.2,0,13391,13207
0.072,1.942,0.072,85.633,85.5,0,13439,13252
0.07,1.952,0.072,85.938,85.8,0,13488,13298
0.068,1.962,0.072,86.237,86.1,0,13536,13343
0.067,1.972,0.071,86.545,86.4,0,13585,13390
0.066,1.982,0.073,86.837,86.7,0,13632,13434
0.065,1.992,0.073,87.138,87,0,13680,13480
0.064,2.002,0.073,87.433,87.3,0,13727,13525
0.064,2.012,0.072,87.738,87.6,0,13775,13572
0.064,2.022,0.074,88.027,87.9,0,13822,13615
0.064,2.032,0.073,88.328,88.2,0,13870,13661
0.065,2.042,0.074,88.624,88.5,0,13917,13706
0.066,2.052,0.072,88.928,88.8,0,13966,13752
0.069,2.062,0.073,89.227,89.1,0,14013,13798
0.071,2.072,0.072,89.528,89.4,0,14061,13844
0.073,2.082,0.072,89.83,89.7,0,14109,13890
0.074,2.092,0.072,90.132,90,0,14157,13936
0.075,2.102,0.073,90.427,90.3,0,14204,13981
0.076,2.112,0.073,90.728,90.6,0,14252,14027
0.078,2.122,0.072,91.033,90.9,0,14301,14073
0.079,2.132,0.068,91.357,91.2,0,14352,14123
0.08,2.142,0.073,91.639,91.5,0,14397,14166
0.079,-2.143,0.071,91.947,91.8,0,14446,14213
0.079,-2.133,0.07,92.255,92.1,0,14495,14260
0.079,-2.123,0.07,92.563,92.4,0,14543,14308
0.078,-2.113,0.07,92.868,92.7,0,14591,14355
0.076,-2.103,0.069,93.176,93,0,14640,14402
0.075,-2.093,0.068,93.491,93.3,0,14690,14450
0.074,-2.083,0.067,93.802,93.6,0,14739,14498
0.074,-2.073,0.066,94.119,93.9,0,14789,14547
0.073,-2.063,0.065,94.437,94.2,0,14839,14596
0.072,-2.053,0.065,94.751,94.5,0,14889,14644
0.072,-2.043,0.064,95.072,94.8,0,14939,14694
0.071,-2.033,0.063,95.39,95.1,0,14989,14743
0.07,-2.023,0.062,95.708,95.4,0,15039,14792
0.069,-2.013,0.061,96.032,95.7,0,15090,14842
0.068,-2.003,0.06,96.352,96,0,15141,14891
0.067,-1.993,0.059,96.676,96.3,0,15193,14940
0.066,-1.983,0.059,96.994,96.6,0,15243,14989
0.065,-1.973,0.057,97.321,96.9,0,15295,15039
0.064,-1.963,0.057,97.642,97.2,0,15346,15088
0.062,-1.953,0.057,97.963,97.5,0,15397,15137
0.06,-1.943,0.056,98.281,97.8,0,15447,15186
0.058,-1.933,0.056,98.601,98.1,0,15498,15235
0.056,-1.923,0.054,98.926,98.4,0,15549,15285
0.054,-1.913,0.054,99.243,98.7,0,15600,15333
0.051,-1.903,0.053,99.564,99,0,15651,15382
0.049,-1.893,0.053,99.885,99.3,0,15702,15431
0.048,-1.883,0.052,100.202,99.6,0,15753,15479
0.046,-1.873,0.051,100.526,99.9,0,15804,15529
0.045,-1.863,0.05,100.847,100.2,0,15855,15578
0.044,-1.853,0.049,101.175,100.5,0,15907,15628
0.044,-1.843,0.049,101.492,100.8,0,15957,15677
0.043,-1.833,0.048,101.816,101.1,0,16008,15727
0.043,-1.823,0.047,102.14,101.4,0,16060,15776
0.043,-1.813,0.046,102.464,101.7,0,16112,15825
0.043,-1.803,0.045,102.785,102,0,16163,15874
0.042,-1.793,0.045,103.106,102.3,0,16214,15923
0.042,-1.783,0.045,103.424,102.6,0,16264,15972
0.041,-1.773,0.044,103.744,102.9,0,16315,16021
0.04,-1.763,0.042,104.072,103.2,0,16367,16071
0.039,-1.753,0.043,104.383,103.5,0,16417,16118
0.038,-1.743,0.042,104.701,103.8,0,16468,16166
0.037,-1.733,0.042,105.015,104.1,0,16518,16214
0.035,-1.723,0.041,105.329,104.4,0,16568,16262
0.034,-1.714,0.041,105.647,104.7,0,16619,16310
0.033,-1.703,0.04,105.965,105,0,16669,16359
0.032,-1.694,0.039,106.279,105.3,0,16719,16407
0.031,-1.684,0.039,106.593,105.6,0,16769,16455
