-0.036,2.193,-0.555,-14.758,0,0,685.143,0.055,2.0863598084,-13.7701805297,79.2,513.2,64.0161772021,129.08172024,63.7608787853,82.724914237
-0.023,2.589,-0.616,-12.192,0,0,685.148,0.06,2.4066410764,-13.1361357041,17.4,128.4,43.783165185,122.77036679,47.6712297419,83.8283782004
-0.009,2.676,-0.674,-11.55,0,0,685.153,0.065,2.6255685557,-12.5311445509,19.2,-128.4,25.0992934977,87.5975624332,31.6564163564,68.9923688485
0.005,2.772,-0.735,-12.192,0,0,685.158,0.07,2.7509956247,-12.0985933394,-0.2,256.8,10.6247040701,44.5257598432,17.6001311567,52.3688614578
0.018,2.771,-0.789,-10.908,0,0,685.163,0.075,2.8040350134,-11.8785207655,-10.8,-128.4,1.0038839202,12.4983831658,6.4046189109,50.6308073122
0.032,2.717,-0.847,-11.55,0,0,685.168,0.08,2.80898692,-11.816706328,3.8,128.4,-4.8296928657,10.1241220924,-2.1035927316,78.6188739246
0.023,-2.632,-0.69,-0.642,0,0,685.273,0.185,-2.5737292164,0.4431164115,52,0,35.5801722824,-54.0149746699,33.0184556114,-59.7921450436
0.011,-2.372,-0.693,-0.642,0,0,685.278,0.19,-2.3958283914,0.1730405929,46,256.8,40.4204447913,39.6413433887,37.7048515227,16.8526963539
0,-2.142,-0.69,0.642,0,0,685.283,0.195,-2.1937261988,0.3712459198,35.4,128.2,40.6560416847,101.745816971,38.568798303,76.224150146
-0.01,-1.965,-0.683,1.283,0,0,685.288,0.2,-1.9904459845,0.8799733951,40.6,0,37.3808471215,129.284488308,36.2709676796,108.390735701
-0.018,-1.762,-0.677,1.283,0,0,685.293,0.205,-1.8035416549,1.5263946714,37.2,256.8,31.9708140574,126.979101011,31.8124798669,107.358202351
-0.026,-1.576,-0.664,2.567,0,0,685.298,0.21,-1.643687338,2.1612907842,16,-128.4,25.9670732421,97.7723320561,26.3942999439,71.0934379492
-0.033,-1.496,-0.654,1.925,0,0,685.303,0.215,-1.513851517,2.6501569062,6.4,128.4,20.7411882696,38.7355336798,21.2757312147,1.6937255189
-0.041,-1.464,-0.642,2.567,0,0,685.308,0.22,-1.4101449145,2.8438454336,34.2,128.2,16.8215252886,-57.7679519881,17.6736235745,-93.7987107132
-0.031,2.396,-1.238,-16.042,0,0,685.378,0.29,2.4143197045,-15.6631545535,75.8,256.8,50.160951172,58.6441954298,49.7894483961,15.0681751749
-0.017,2.775,-1.312,-14.758,0,0,685.383,0.295,2.6653139588,-15.3610344023,40.4,0,34.9797211825,69.1412975571,36.9398117377,30.9142642664
-0.002,2.977,-1.386,-14.758,0,0,685.388,0.3,2.8401134753,-15.00521502,-10.8,256.6,20.6139785474,54.9056858957,24.8343358896,41.4384568059
0.012,2.923,-1.453,-13.475,0,0,685.393,0.305,2.9424499511,-14.7242436234,-0.2,-128.4,9.5259685913,36.7832349204,14.3168773145,60.3325676447
0.027,2.922,-1.524,-14.117,0,0,685.398,0.31,2.9882891228,-14.5469861164,3.8,128.4,2.1889285474,41.8344938308,5.5810895798,102.711473664
0.039,-1.523,-1.739,-10.908,0,0,685.512,0.424,-1.5286555102,-8.726093163,48,385,67.4622297764,66.8691195514,64.9312830363,25.4142540823
0.032,-1.283,-1.784,-8.983,0,0,685.517,0.429,-1.1912655267,-8.3920915793,83,385,71.4743212206,206.849052964,67.2810538818,137.31559212
0.028,-0.868,-1.819,-7.058,0,0,685.522,0.434,-0.8338316201,-7.3580731673,92.8,385,69.1799389098,279.333918075,64.5579848723,212.431194409
0.026,-0.404,-1.845,-5.133,0,0,685.527,0.439,-0.4878932603,-5.9615208557,68.2,256.6,60.3372730803,287.104046917,57.0119925578,244.246247158
0.026,-0.063,-1.864,-3.85,0,0,685.532,0.444,-0.1861884191,-4.5260410233,29.8,256.6,46.7427026211,250.205553345,45.5798702001,236.342489109
0.026,0.086,-1.877,-2.567,0,0,685.537,0.449,0.0475302505,-3.2750110226,29.6,0,31.1275446557,191.491874982,31.7195956199,199.452693636
0.028,0.234,-1.89,-2.567,0,0,685.542,0.454,0.2031662407,-2.3175324162,9.6,256.8,15.5692621086,126.971673552,17.1232533079,147.311105592
0.029,0.282,-1.896,-1.283,0,0,685.547,0.459,0.2810084417,-1.6826529894,9.6,128.2,1.2029189121,66.2712349193,3.4380649729,93.010924983
0.031,0.33,-1.899,-0.642,0,0,685.552,0.464,0.2870190546,-1.3512806835,-8.4,-256.6,-11.0882217757,18.9230976848,-7.9409310649,46.584971527
0.032,0.288,-1.909,-1.925,0,0,685.557,0.469,0.2315750912,-1.2566554506,-24.6,128.4,-20.0731101509,-8.5026570274,-16.0295532942,13.8010917978
0.033,0.165,-1.915,-1.283,0,0,685.562,0.474,0.1312079213,-1.2991642569,-41.4,0,-24.4241201461,-17.3563389106,-20.3963225632,-3.9845661698
0.033,-0.042,-1.922,-1.283,0,0,685.567,0.479,0.0090866484,-1.3859448549,-34.8,-128.4,-23.7825404576,-11.9504494895,-21.2532157044,-9.0667499129
0.031,-0.216,-1.931,-1.925,0,0,685.572,0.484,-0.1098261538,-1.4456976978,-13,0,-19.5153261064,2.3776667375,-19.4108716464,-5.97251793
0.03,-0.281,-1.941,-1.925,0,0,685.577,0.489,-0.2074026211,-1.4338104974,-0.4,128.4,-14.0904344627,15.9502252199,-16.0564649453,0.2804128197
0.028,-0.283,-1.947,-1.283,0,0,685.582,0.494,-0.2778545656,-1.3540604208,-5.6,128.2,-9.5659547076,20.149850936,-12.4223225187,5.8134916078
0.026,-0.311,-1.951,-0.642,0,0,685.587,0.499,-0.3256841461,-1.2533118978,-10.2,-128.2,-6.7781000817,15.6886130304,-9.484627123,8.8515185152
0.024,-0.362,-1.957,-1.283,0,0,685.592,0.504,-0.3595745199,-1.1748692358,-3.6,0,-5.7435604331,8.9761285744,-7.7984859868,9.6667773198
0.022,-0.38,-1.963,-1.283,0,0,685.597,0.509,-0.3882922571,-1.1299887516,-3.6,128.2,-6.2533221897,3.8558291538,-7.4834258002,9.7065572302
0.02,-0.398,-1.967,-0.642,0,0,685.602,0.514,-0.419558846,-1.1107096209,-7.8,-128.2,-7.9434867753,2.4476763994,-8.3101230426,10.4861226262
0.018,-0.437,-1.973,-1.283,0,0,685.607,0.519,-0.4592762815,-1.0984711905,-11.8,0,-10.2264334626,7.2773749818,-9.8332486461,12.7554584468
0.015,-0.496,-1.98,-1.283,0,0,685.612,0.524,-0.5104084598,-1.0620842541,-14.8,0,-12.4590083489,17.0626439464,-11.5330599639,16.2235775285
0.012,-0.57,-1.986,-1.283,0,0,685.617,0.529,-0.5727035134,-0.976770984,-12.6,128.2,-14.1543607334,25.9745050136,-12.9408587951,19.9145208344
0.009,-0.633,-1.989,-0.642,0,0,685.622,0.534,-0.6434753261,-0.8468984268,-17.8,0,-15.0125159335,29.4911137545,-13.7316881897,22.9180524133
0.005,-0.722,-1.992,-0.642,0,0,685.627,0.539,-0.7185379112,-0.6994428421,-15.8,0,-14.8859198851,27.4641265382,-13.776869749,25.0257625213
0.001,-0.801,-1.996,-0.642,0,0,685.632,0.544,-0.7929675131,-0.5621222045,-15.8,128.4,-13.8328989823,22.1006642975,-13.1548021656,26.8046079782
-0.003,-0.88,-1.996,0,0,0,685.637,0.549,-0.8621320086,-0.4516188839,-11.2,-128.4,-12.1568892688,16.7174629013,-12.1193281037,28.9985996085
-0.008,-0.936,-1.999,-0.642,0,0,685.642,0.554,-0.9229164546,-0.3680315725,-11,128.4,-10.3295068824,14.9812009955,-11.0272546665,31.4876492399
-0.013,-0.991,-1.999,0,0,0,685.647,0.559,-0.9745639884,-0.2931255706,-7,-128.4,-8.8653650356,18.7039231773,-10.2341300388,32.2608485369
-0.018,-1.026,-2.002,-0.642,0,0,685.652,0.564,-1.018890813,-0.1996059571,-3.6,0,-8.1690914371,25.1588191298,-9.9769016953,26.9788037767
-0.023,-1.044,-2.005,-0.642,0,0,685.657,0.569,-1.0597362697,-0.0738118628,-8,128.4,-8.3323909439,25.2488018572,-10.2681224478,9.615839773
-0.028,-1.084,-2.005,0,0,0,685.662,0.574,-1.1013982242,0.0524321459,-11.4,0,-9.0768014752,7.4162634748,-10.8248673907,-25.6977711708
-0.034,-1.141,-2.005,0,0,0,685.667,0.579,-1.1467822315,0.0895134631,-5.8,-128.4,-9.934631607,-37.1076522744,-11.048561151,-82.0414419838
-0.04,-1.17,-2.008,-0.642,0,0,685.672,0.584,-1.1964553895,-0.0960247981,-5,128.4,-10.2845747084,-114.630740609,-10.0700095724,-157.126554549
-0.032,2.541,-2.849,-17.967,0,0,685.747,0.659,2.4941474425,-17.3897055948,43,0,42.5835377421,31.4435971137,43.8864780341,5.2789038411
-0.018,2.756,-2.939,-17.967,0,0,685.752,0.664,2.7070651313,-17.2324876081,25.2,256.8,29.8114959535,64.6459452072,32.0284229973,23.5132194524
-0.004,2.882,-3.022,-16.683,0,0,685.757,0.669,2.8561226114,-16.9092578822,16.2,256.6,18.6745335579,70.4400174794,22.0138118891,36.0939354014
0.011,2.963,-3.099,-15.4,0,0,685.762,0.674,2.9494952796,-16.5570577978,8,-128.4,10.1856792909,54.8692932282,14.3497677191,49.7320489013
0.026,3.003,-3.179,-16.042,0,0,685.767,0.679,3.0004236764,-16.2827113399,-1.4,256.8,4.8247092761,38.9007284195,8.9748442476,75.3832380884
0.032,-2.207,-1.842,12.833,0,0,686.182,1.094,-2.2034810808,13.7551717068,3.8,128.4,12.4804596718,-40.7667192096,15.1233467226,-44.3089363532
0.021,-2.188,-1.774,13.475,0,0,686.187,1.099,-2.1410787825,13.5513381107,16,0,18.0864074587,-0.6315476897,19.6348531327,-12.3129021263
0.011,-2.108,-1.707,13.475,0,0,686.192,1.104,-2.0506467452,13.5481803723,26.2,128.4,24.4112136731,27.7017006519,23.9863301447,16.9516914545
0.001,-1.977,-1.636,14.117,0,0,686.197,1.109,-1.9285906768,13.6866888755,27,-128.4,29.6920204186,43.3992290276,27.1085487133,40.32472082
-0.008,-1.842,-1.569,13.475,0,0,686.202,1.114,-1.7801305748,13.9036850207,44.4,256.6,32.1127582613,48.9303056693,28.0229640234,55.9836742579
-0.016,-1.62,-1.495,14.758,0,0,686.207,1.119,-1.6195667834,14.1483365491,44.2,-128.2,30.4350411796,47.0766274323,26.1555126927,62.4354614148
-0.023,-1.399,-1.424,14.117,0,0,686.212,1.124,-1.4673915776,14.3837196862,27.8,128.2,24.7893284579,41.126862722,21.5524135652,57.109322521
-0.03,-1.26,-1.351,14.758,0,0,686.217,1.129,-1.3434449353,14.5893539998,0.4,-128.2,16.6969679973,32.0873359828,14.9213015165,35.3779923493
-0.036,-1.258,-1.28,14.117,0,0,686.222,1.134,-1.2599600953,14.7497906798,17,0,8.0049633846,13.9857316732,7.5073608558,-9.1072694414
-0.042,-1.173,-1.21,14.117,0,0,686.227,1.139,-1.2199352784,14.8197193381,0.8,0,0.1662066666,-28.249564516,0.8807492832,-82.1684801361
-0.021,3.414,-1.245,-7.058,0,0,686.307,1.219,3.2733641171,-8.3838362548,52.2,128.2,52.5897954666,176.031504331,54.809916922,192.530798229
-0.003,3.675,-1.277,-6.417,0,0,686.312,1.224,3.5363130944,-7.5036787332,3.2,0,33.8094230497,195.035117493,38.0025095247,244.560014611
0.016,3.691,-1.309,-6.417,0,0,686.317,1.229,3.7053602097,-6.5285031457,-0.8,256.8,17.6852392561,241.548838905,21.7087994976,305.197154568
0.029,-2.242,0.241,14.758,0,0,686.452,1.364,-2.2436163293,14.9582786287,6.6,0,3.0021582592,-52.2598839616,3.6595467496,-38.4208278923
0.018,-2.209,0.314,14.758,0,0,686.457,1.369,-2.2286055385,14.6969792081,-2,-128.2,1.4069726989,-46.5729011102,1.7751243748,-27.5901515211
0.007,-2.219,0.385,14.117,0,0,686.462,1.374,-2.2215706764,14.4641146979,-1.6,128.2,0.189738702,-34.8090870146,0.1620171323,-13.7526276117
-0.004,-2.227,0.459,14.758,0,0,686.467,1.379,-2.2206219857,14.290069252,1.6,-256.6,-0.4845987476,-18.9467800597,-0.9391184574,-1.605815641
-0.015,-2.219,0.526,13.475,0,0,686.472,1.384,-2.2230449838,14.1953353328,3.8,128.4,-0.5412497483,-2.2588599732,-1.2810036175,0.9353537012
-0.026,-2.2,0.597,14.117,0,0,686.477,1.389,-2.2257512376,14.1840410071,-3.6,-128.4,0.2666639441,6.7652003525,-0.5467852243,-16.2400274621
-0.037,-2.218,0.664,13.475,0,0,686.482,1.394,-2.2244179216,14.2178669828,-2.2,0,2.3264889096,-6.3598745625,1.6937502141,-62.8094714576
-0.031,3.064,0.754,-2.567,0,0,686.567,1.479,3.0495365731,-3.7283461975,1.2,-128.2,10.1367751604,82.4147285714,15.6727353574,92.6002107286
-0.015,3.07,0.738,-3.208,0,0,686.572,1.484,3.1002497619,-3.3161416867,-9,0,-0.2999388499,40.7329915085,4.0775839751,68.6611753586
0,3.025,0.722,-3.208,0,0,686.577,1.489,3.0987832338,-3.1123032872,-4.2,256.6,-6.8474438728,18.8480795036,-4.5643040671,61.9818545381
0.015,3.004,0.712,-1.925,0,0,686.582,1.494,3.0645668365,-3.0178996809,-4.2,-256.6,-11.3226759225,28.0551028694,-11.2004356924,81.2515719958
0.03,2.983,0.696,-3.208,0,0,686.587,1.499,3.0079307658,-2.8775924261,-10.8,128.2,-15.4832584301,79.2401750164,-17.1742798852,128.004979718
0.031,-2.655,1.633,16.042,0,0,686.682,1.594,-2.6745060029,15.2943453585,-3,-481.25,-7.2821491231,-83.1822995405,-10.4978576099,-48.3240984127
0.018,-2.667,1.704,14.117,0,0,686.686,1.598,-2.7105477925,14.9799026614,-8.4,128.2,-4.3547464332,-66.0580043255,-7.3529437457,-40.7355363076
0.004,-2.709,1.777,14.758,0,0,686.691,1.603,-2.7314767071,14.7399818501,-8,-128.2,-3.7993523675,-42.8359832715,-6.2341103269,-40.0554471893
-0.009,-2.749,1.848,14.117,0,0,686.696,1.608,-2.7494497509,14.5882087167,7,-128.4,-4.7971722656,-28.4423753046,-6.3451827382,-57.5426655785
-0.023,-2.714,1.915,13.475,0,0,686.701,1.613,-2.7722921993,14.4771000594,-4.6,128.4,-6.3969691223,-41.846986297,-6.4727446849,-102.210344642
-0.033,1.805,1.999,-1.925,0,0,686.821,1.733,1.741961088,-1.7251165779,-39.2,0,-29.6550172259,-39.7673138749,-28.2797668893,-29.5712455183
-0.025,1.609,1.989,-1.925,0,0,686.826,1.738,1.5936524962,-1.9238912107,-44.6,-128.4,-29.248711524,-42.6270179588,-27.5143783229,-33.8864789993
-0.018,1.386,1.976,-2.567,0,0,686.831,1.743,1.4473924106,-2.136985101,-26.6,128.4,-26.0107518137,-35.7253365566,-25.1524337031,-31.3682797796
-0.011,1.253,1.967,-1.925,0,0,686.836,1.748,1.3173343769,-2.3155365297,-14.4,-256.6,-21.1272296754,-23.5149994804,-21.771558015,-23.8914773301
-0.005,1.181,1.951,-3.208,0,0,686.841,1.753,1.2117028521,-2.4329451069,-10.4,256.6,-16.2493142699,-10.270871709,-18.0508292387,-14.0628797269
0,1.129,1.941,-1.925,0,0,686.846,1.758,1.1304688663,-2.4840007564,-9.2,-128.4,-12.4783535374,0.9619877111,-14.5799467662,-4.5190437023
0.006,1.083,1.928,-2.567,0,0,686.851,1.763,1.0680983963,-2.478767663,-9.8,0,-10.0818822334,10.538205272,-11.6968258171,2.667758785
0.011,1.034,1.915,-2.567,0,0,686.856,1.768,1.0177191451,-2.4256378345,-7.8,0,-8.7492959379,18.7822197738,-9.4309928605,6.4662064358
0.016,0.995,1.903,-2.567,0,0,686.861,1.773,0.974007469,-2.3315470757,-10.2,128.4,-7.9228467146,22.85985708,-7.5628352725,7.3900563977
0.021,0.944,1.893,-1.925,0,0,686.866,1.778,0.9344191477,-2.2178212103,-7.2,0,-7.0355514084,21.2377998951,-5.7609980668,8.0232488565
0.026,0.908,1.883,-1.925,0,0,686.871,1.783,0.8992306158,-2.113659926,-7.6,0,-5.6562407599,17.3456177769,-3.747483515,13.2235336898
0.03,0.87,1.874,-1.925,0,0,686.876,1.788,0.8708577748,-2.0311593748,-7.6,128.4,-3.5870676323,18.1440906042,-1.4480769065,29.5314996202
0.034,0.832,1.867,-1.283,0,0,686.881,1.793,0.8526951777,-1.9472327628,-3,-128.4,-0.9941460095,32.7825112694,0.9022593393,63.5191143091
0.038,0.817,1.858,-1.925,0,0,686.886,1.798,0.8473172142,-1.7918898818,2.8,256.6,1.5243519409,71.6488552441,2.7195517888,119.20186573
0.043,0.831,1.854,-0.642,0,0,686.891,1.803,0.8543618109,-1.4409152116,2.4,-128.2,3.0847835225,144.282967337,3.1086336668,195.143108252
0.025,-2.776,2.445,12.192,0,0,686.956,1.868,-2.5857776493,13.0958357894,-40.4,128.2,-53.166355833,-105.769078175,-57.6637561677,-91.636276092
0.01,-2.978,2.509,12.833,0,0,686.961,1.873,-2.8521768983,12.5593585729,1,-385,-33.4573413262,-87.5250683797,-40.9502864027,-99.3657995776
-0.005,-2.973,2.563,10.908,0,0,686.966,1.878,-3.0199593654,12.1165106036,-14.4,0,-18.3849652889,-72.3672311825,-25.7572806906,-115.947300998
-0.02,-3.045,2.618,10.908,0,0,686.971,1.883,-3.1122165849,11.7518555204,-6.6,0,-8.0814354811,-84.3674450698,-12.8154600349,-153.103212633
-0.032,2.419,2.207,-5.775,0,0,687.086,1.998,2.441431326,-5.9171023217,-6.8,0,-19.2016582636,28.3169931242,-19.7495124778,24.7348766535
-0.02,2.385,2.178,-5.775,0,0,687.091,2.003,2.3454322177,-5.7768149578,-25.4,128.4,-22.7745721708,-8.771734159,-22.7657850908,-9.167605917
-0.009,2.258,2.153,-5.133,0,0,687.096,2.008,2.2315186187,-5.8222393373,-32.6,-256.8,-25.1226377562,-36.1369439469,-24.1703328679,-33.8207460755
0.002,2.095,2.121,-6.417,0,0,687.101,2.013,2.105770386,-6.0041158989,-31,0,-25.7663318585,-48.4242830038,-24.3222391889,-43.2253380564
0.012,1.94,2.089,-6.417,0,0,687.106,2.018,1.9766634953,-6.2457444998,-26.6,128.4,-24.9566402958,-45.1429921239,-23.7222687934,-31.878044864
0.021,1.807,2.06,-5.775,0,0,687.111,2.023,1.8514453595,-6.4672077761,-19.4,-128.4,-23.682696726,-24.296167471,-23.0820901367,4.4204641012
0.029,1.71,2.028,-6.417,0,0,687.116,2.028,1.7324943509,-6.5781102425,-19.6,0,-23.1299256411,22.5257368272,-23.3100173259,67.142561517
0.038,1.612,1.996,-6.417,0,0,687.121,2.033,1.6164100179,-6.4464913625,-25.4,128.4,-24.1851170368,104.311381006,-25.4192095612,153.068252589
0.026,-2.755,2.211,7.7,0,0,687.181,2.093,-2.5879802417,8.7901368755,-36.6,0,-45.8105900481,-73.0433347164,-51.9785764734,-53.9085745053
0.011,-2.938,2.249,7.7,0,0,687.186,2.098,-2.817416238,8.4293179064,-0.8,-128.4,-26.2992803589,-60.4483106315,-35.2889080805,-76.5203441952
-0.003,-2.942,2.284,7.058,0,0,687.191,2.103,-2.9491757248,8.1305220242,15.6,256.8,-12.9728020153,-57.6628479859,-21.0997966397,-103.112241151
-0.017,-2.864,2.326,8.342,0,0,687.196,2.108,-3.0141823139,7.8443307396,-9,-256.8,-5.5406671815,-84.4558614611,-9.7643283123,-144.545347742
-0.032,-2.909,2.361,7.058,0,0,687.201,2.113,-3.0419400129,7.4230555503,-22.6,-128.2,-0.9575838442,-149.231429697,-0.4455850849,-204.76177839
-0.024,2.765,1.482,-12.192,0,0,687.311,2.223,2.7736781635,-12.3165863828,-5.4,0,-4.8941278243,26.8590339994,-2.5014245883,23.6405862258
-0.01,2.738,1.421,-12.192,0,0,687.316,2.228,2.749207521,-12.1822911767,-18.6,-128.2,-6.1456549262,14.4406996343,-4.5799082541,12.6032230089
0.004,2.645,1.357,-12.833,0,0,687.321,2.233,2.7184792437,-12.1100876458,1,385,-6.0535515831,9.713920732,-5.6485034818,16.0726094224
0.017,2.65,1.303,-10.908,0,0,687.326,2.238,2.6882114842,-12.0615180196,-1.8,-128.4,-6.0978485291,14.4654274708,-6.9066318699,42.037635015
0.031,2.641,1.245,-11.55,0,0,687.331,2.243,2.6577222408,-11.98919087,-9.8,128.4,-7.6797854873,43.497087688,-9.6195971979,96.3613102755
0.023,-2.675,1.312,1.925,0,0,687.421,2.333,-2.7784324197,3.0334130777,-5.6,0,7.6530727653,-47.4715506353,5.3979035476,-56.7643477188
0.01,-2.703,1.322,1.925,0,0,687.426,2.338,-2.7401670558,2.7960553246,-6.8,128.4,12.5302578014,9.0649700105,11.2645764245,-24.0551627471
-0.004,-2.737,1.335,2.567,0,0,687.431,2.343,-2.6775157668,2.8413801746,30.2,128.2,15.8349278938,34.6978993702,14.8053303176,-16.6716027672
-0.017,-2.586,1.351,3.208,0,0,687.436,2.348,-2.5983411274,3.0148696715,30,-128.2,17.6091138623,16.0645629904,17.1982949093,-41.7667680919
-0.029,-2.436,1.364,2.567,0,0,687.441,2.353,-2.5102955581,3.0951924864,20.6,256.6,18.4226718034,-51.0977205914,19.7752552947,-98.3731608936
-0.026,2.677,0.635,-15.4,0,0,687.526,2.438,2.6216129134,-15.1912036557,13.2,256.6,16.8720133629,69.6665646931,19.521577989,31.2315203262
-0.012,2.743,0.565,-14.117,0,0,687.531,2.443,2.7059729802,-14.8428708323,-7.4,0,8.5429777549,66.5182530357,12.0208983696,38.0654457355
0.001,2.706,0.494,-14.117,0,0,687.536,2.448,2.7486878689,-14.5102795671,3.2,0,3.3756137379,49.3315335553,6.800392515,43.6476283881
0.015,2.722,0.423,-14.117,0,0,687.541,2.453,2.7655659376,-14.2636218993,4.8,256.8,0.811483159,33.4962590655,3.376215837,60.4078728463
0.029,2.746,0.359,-12.833,0,0,687.546,2.458,2.7696233534,-14.096140604,-3.4,-128.4,-0.3277247599,38.318492465,0.7248371815,100.955056807
0.033,-2.209,0.18,-7.058,0,0,687.651,2.563,-2.1347637518,-4.9212588268,65.6,128.2,45.3687351636,11.420546992,44.3835223474,-13.7331745501
0.024,-1.881,0.148,-6.417,0,0,687.656,2.568,-1.907920076,-4.8641560918,47.8,641.8,51.1441095981,137.572561904,49.1080641642,79.2683816241
0.016,-1.642,0.132,-3.208,0,0,687.661,2.573,-1.6521995279,-4.1762932823,43.2,128.2,52.4748020906,206.45967853,49.8640855897,144.158109693
0.009,-1.426,0.119,-2.567,0,0,687.666,2.578,-1.3898255173,-3.1439948899,64,128.4,49.3320757413,217.857490745,46.7982787269,173.53961527
0.004,-1.106,0.109,-1.925,0,0,687.671,2.583,-1.1431651383,-2.0547074368,57,385,41.9648627397,188.293541317,40.4633746691,169.250585093
0,-0.821,0.109,0,0,0,687.676,2.588,-0.9333408242,-1.1132397312,17.6,-128.4,31.6657599849,136.263754463,31.7862314218,140.323533925
-0.004,-0.733,0.106,-0.642,0,0,687.681,2.593,-0.775012024,-0.4319209602,8.2,256.8,20.5189895736,78.7432442809,21.9152450144,99.324256414
-0.007,-0.692,0.109,0.642,0,0,687.686,2.598,-0.6724170762,-0.0382047402,19.4,-128.4,10.056854862,28.964959998,12.0020074471,58.6416691718
-0.01,-0.595,0.109,0,0,0,687.691,2.603,-0.6221328026,0.1066200593,0.2,0,0.9366621915,-4.5033097982,3.0063147635,27.6383114068
-0.013,-0.594,0.109,0,0,0,687.696,2.608,-0.6174494938,0.0841035124,-13,0,-6.3721674434,-18.2250871413,-4.4197390926,10.9709685947
-0.016,-0.659,0.109,0,0,0,687.701,2.613,-0.6493103349,-0.0070219167,-14.8,-128.4,-11.5024767202,-13.9569267225,-9.9688843595,8.0476607116
-0.02,-0.733,0.106,-0.642,0,0,687.706,2.618,-0.7068227243,-0.0768065367,-6.4,128.4,-14.5156014956,2.5111883701,-13.6563162971,13.4572220981
-0.024,-0.765,0.106,0,0,0,687.711,2.623,-0.7794007384,-0.0642505732,-22,-128.4,-15.7054341992,22.5289915262,-15.7477365699,18.2171456146
-0.028,-0.875,0.103,-0.642,0,0,687.716,2.628,-0.8579279134,0.0483944111,-21.8,128.4,-15.3960333943,35.2749907547,-16.6406846117,11.7608088208
-0.033,-0.984,0.103,0,0,0,687.721,2.633,-0.9349080758,0.2247693865,-8.2,0,-14.2256826628,28.0109521434,-16.7021811332,-15.3912520583
-0.038,-1.025,0.103,0,0,0,687.726,2.638,-1.0060364665,0.3648241426,-3,0,-13.0702178586,-12.2121084719,-16.0797518554,-68.5132983254
-0.043,-1.04,0.103,0,0,0,687.731,2.643,-1.0713875042,0.3037635348,-10.8,128.4,-12.2925855862,-94.7156178267,-14.5401250779,-145.801319246
-0.025,2.646,-0.825,-19.25,0,0,687.811,2.723,2.6966851669,-18.5894974616,54,0,35.1405880584,8.6591892257,36.9171087115,-29.2171289739
-0.01,2.916,-0.921,-19.25,0,0,687.816,2.728,2.8724096515,-18.5463769158,28.2,385,25.9890862056,43.2436663736,27.8807818144,2.2919610265
0.005,3.057,-1.007,-17.325,0,0,687.821,2.733,3.0023123622,-18.3302863693,2.4,128.4,18.0454478752,51.0098136067,20.6317109693,39.5621516496
0.02,3.069,-1.091,-16.683,0,0,687.826,2.738,3.0923691254,-18.0751662159,11,0,12.0468478485,52.5693556869,14.899293767,91.256654349
0.038,-1.391,-0.654,8.342,0,0,688.47,3.382,-1.4051642978,8.9714839335,2.8,128.2,4.0391654057,-50.4651655313,3.7377316068,-57.9956819168
0.031,-1.377,-0.61,8.983,0,0,688.475,3.387,-1.3849488367,8.7199925074,3.8,128.4,3.3734436907,-48.7917559621,3.6155526591,-50.5282132524
0.025,-1.358,-0.561,9.625,0,0,688.48,3.392,-1.3680751306,8.4761658072,3.8,-385,3.281699824,-48.5282884271,4.1590802975,-40.9108999499
0.018,-1.339,-0.523,7.7,0,0,688.485,3.397,-1.3516673212,8.2333308871,3.2,0,4.1322518142,-38.8514805493,5.5728282951,-28.7497478529
0.011,-1.323,-0.484,7.7,0,0,688.49,3.402,-1.3310095286,8.0387978202,1.4,0,6.2378016154,-19.5976577078,7.9123673416,-14.5084330878
0.005,-1.316,-0.446,7.7,0,0,688.495,3.407,-1.2998241979,7.9405743209,8.2,128.4,9.6447852041,1.259934873,11.0052209941,0.1317038605
-0.001,-1.275,-0.404,8.342,0,0,688.5,3.412,-1.2516030441,7.9467189485,11.6,-128.4,13.9497302181,19.0651579611,14.4268456178,12.727071489
-0.007,-1.217,-0.366,7.7,0,0,688.505,3.417,-1.1818560435,8.0419646183,18.4,0,18.3225805795,32.0394746805,17.558162757,20.9704246779
-0.013,-1.125,-0.327,7.7,0,0,688.51,3.422,-1.0902438828,8.2021344197,22.6,256.6,21.6716116639,35.4657317395,19.7245902318,23.5945232511
-0.018,-1.012,-0.282,8.983,0,0,688.515,3.427,-0.9818859914,8.3794646377,30.4,0,22.9142396376,26.8859227926,20.3812343191,20.9613926857
-0.022,-0.86,-0.237,8.983,0,0,688.52,3.432,-0.8673146777,8.5139074158,28.6,-128.2,21.4209761503,12.7880804896,19.2789584272,15.0299467985
-0.026,-0.717,-0.196,8.342,0,0,688.525,3.437,-0.760209596,8.5778622208,18.8,0,17.4403983687,1.0664058045,16.5388853258,8.624013289
-0.029,-0.623,-0.154,8.342,0,0,688.53,3.442,-0.6730074221,8.5832052775,8.4,128.2,12.065018078,-7.0869452288,12.5943085076,4.3499585686
-0.032,-0.581,-0.109,8.983,0,0,688.535,3.447,-0.6126822066,8.5477772105,-0.6,-128.2,6.6376965542,-12.3956728089,8.0235003754,3.5871757046
-0.035,-0.584,-0.067,8.342,0,0,688.54,3.452,-0.579493656,8.4858019053,1.6,0,2.0689298665,-13.1713204261,3.3572660529,5.6660452498
-0.038,-0.576,-0.026,8.342,0,0,688.545,3.457,-0.5691489808,8.4199460506,-3.2,0,-1.403963477,-8.7652514674,-1.0412891108,7.2359665946
-0.04,-0.592,0.016,8.342,0,0,688.55,3.462,-0.5761687966,8.3761193848,-3.4,-128.4,-4.011800199,-2.3174917423,-4.9684031778,2.0842016759
-0.043,-0.609,0.055,7.7,0,0,688.555,3.467,-0.5962278064,8.3645311507,-4.4,128.4,-6.1601853791,-1.2613173438,-8.2514934948,-18.0985805686
-0.047,-0.631,0.096,8.342,0,0,688.56,3.472,-0.6270287441,8.3582238464,-1.8,-128.4,-8.1498624534,-16.3918085867,-10.5643871495,-61.5850629937
-0.03,2.749,-0.048,-7.7,0,0,688.63,3.542,2.569510207,-8.415121882,40.4,128.4,57.8242482738,142.965730558,61.6218987137,113.577442663
-0.015,2.951,-0.083,-7.058,0,0,688.635,3.547,2.8586314484,-7.7002932301,15.2,256.6,37.6233806536,127.397311094,44.0912873126,130.640731619
0,3.027,-0.112,-5.775,0,0,688.64,3.552,3.0467483516,-7.0633066751,15.8,-128.4,21.0084895009,107.847894103,27.6578783061,148.040271632
0.016,3.106,-0.144,-6.417,0,0,688.645,3.557,3.1517907991,-6.5240672046,10.8,256.8,8.4549248797,111.68012833,13.3288920281,179.066443275
0.031,3.16,-0.17,-5.133,0,0,688.65,3.562,3.1940654235,-5.9656665629,-4.8,-128.4,-1.0415093623,159.318720688,1.0950898759,230.704873435
0.031,-2.589,0.825,11.55,0,0,688.76,3.672,-2.6258747858,12.2160296394,-3.6,128.4,1.4532504553,-39.6175055229,1.4422195372,-33.6692656227
0.018,-2.607,0.885,12.192,0,0,688.765,3.677,-2.6186085335,12.0179421118,3.8,0,1.3639312614,-21.1281159997,1.8745690739,-13.4677833433
0.005,-2.588,0.946,12.192,0,0,688.77,3.682,-2.6117888772,11.9123015318,-0.4,-128.4,1.2624267264,-6.8123718353,1.7763932853,-0.6341531438
-0.008,-2.59,1.004,11.55,0,0,688.775,3.687,-2.6054767436,11.8782396726,-3,0,1.7719246378,3.4411576733,1.8704702553,-2.5429577596
-0.021,-2.605,1.062,11.55,0,0,688.78,3.692,-2.5966171204,11.895445461,2,-128.4,3.2302682149,2.8116401271,2.8227137084,-26.7930049706
-0.034,-2.595,1.116,10.908,0,0,688.785,3.697,-2.5804657793,11.9095036616,13.2,128.4,5.6386483196,-25.0762228843,5.285942892,-79.0226276902
-0.036,2.82,1.001,-5.775,0,0,688.875,3.787,2.8121061573,-5.9024419662,-7.6,128.4,1.1033717157,66.0655950817,4.9609981321,64.3535954264
-0.022,2.782,0.975,-5.133,0,0,688.88,3.792,2.8176230159,-5.5721139908,-10.4,0,-7.6563213611,27.2151917555,-4.3224560891,37.1190274515
-0.008,2.73,0.95,-5.133,0,0,688.885,3.797,2.7793414091,-5.436038032,-7.2,0,-13.1892966441,-1.0238481611,-10.593755803,23.7364609693
0.005,2.694,0.924,-5.133,0,0,688.89,3.802,2.7133949259,-5.4411572728,-7,0,-16.5650785239,-6.887657515,-14.5094673484,34.375295324
0.019,2.659,0.898,-5.133,0,0,688.895,3.807,2.6305695332,-5.4755955602,-31.4,0,-18.3905528316,21.0104288945,-17.1963128604,74.6887771914
0.031,2.502,0.873,-5.133,0,0,688.9,3.812,2.5386167691,-5.3705434156,-36.4,0,-19.1685637938,92.2946176072,-20.1140584788,143.393840554
0.032,-2.403,1.347,9.625,0,0,688.98,3.892,-2.4758303664,9.7268264349,-7.6,0,-3.1636050271,-51.4973400488,-6.7332676598,-41.5660323674
0.019,-2.441,1.396,9.625,0,0,688.985,3.897,-2.4916483972,9.4693396237,-6,-128.4,2.2843243188,-28.3945219743,0.4021358071,-21.910555259
0.007,-2.471,1.441,8.983,0,0,688.99,3.902,-2.4802267642,9.3273666467,3.2,0,5.3269220301,-5.2621031176,4.2406260725,-9.790016809
-0.005,-2.455,1.485,8.983,0,0,688.995,3.907,-2.4535921086,9.3010553831,10.2,-128.2,6.7245909165,9.3767493571,5.7004628439,-15.5181439255
-0.017,-2.404,1.527,8.342,0,0,689,3.912,-2.419969056,9.3479379483,9.4,256.6,6.8599691458,0.1905728396,5.9520288285,-47.8602225869
-0.029,-2.357,1.575,9.625,0,0,689.005,3.917,-2.3856690486,9.3488893528,10,-256.6,6.3152605745,-49.1135861374,6.3437660527,-110.955674578
-0.029,2.829,1.222,-7.7,0,0,689.095,4.007,2.8268755816,-7.717591954,-8.6,256.6,3.2131971017,53.8788484136,7.3692499968,57.290912314
-0.015,2.786,1.19,-6.417,0,0,689.1,4.012,2.8422434575,-7.4401076177,-7.4,-128.2,-5.8494798117,14.991315646,-2.6148407294,42.2177927767
-0.001,2.749,1.155,-7.058,0,0,689.105,4.017,2.8118827988,-7.3555648105,-0.25,0,-12.0561412446,0.3456254044,-10.027711552,49.693468538
0.013,2.748,1.12,-7.058,0,0,689.109,4.021,2.750213564,-7.3468919949,-9,0,-16.7583242673,26.8447833031,-15.8080279151,88.4539406593
0.026,2.694,1.084,-7.058,0,0,689.115,4.027,2.6651891398,-7.2166617288,-41.8,0,-20.6091369038,104.878568143,-21.3765205239,159.264529377
0.029,-2.385,1.424,7.058,0,0,689.194,4.106,-2.438849453,7.3067691454,-10.4,-128.2,-2.9362737926,-46.8194729634,-6.2225902774,-46.9618424802
0.016,-2.437,1.457,6.417,0,0,689.199,4.111,-2.4532212722,7.074238106,-0.2,128.2,3.1406539204,-12.9435071938,0.9464109468,-25.2831596918
0.004,-2.438,1.492,7.058,0,0,689.204,4.116,-2.4380285085,7.0052120469,12.4,0,6.5426055005,6.7928536926,4.9229162091,-19.4943799723
-0.008,-2.376,1.527,7.058,0,0,689.209,4.121,-2.4060267618,7.0336051758,7.6,-256.6,7.9288734467,4.5260744902,6.782643221,-38.8657860715
-0.02,-2.338,1.556,5.775,0,0,689.214,4.126,-2.3669846371,7.0516464096,7.6,256.6,8.0981196536,-31.1110812291,7.8780072952,-87.9469525244
-0.031,-2.3,1.591,7.058,0,0,689.219,4.131,-2.3268887724,6.8931454827,17.4,0,8.1320066113,-113.585181083,9.7074896429,-164.129172082
-0.024,2.841,1.078,-10.267,0,0,689.304,4.216,2.8056747822,-10.3916313012,-2,128.4,9.7579095369,66.4412371938,14.3085789663,53.9459819612
-0.01,2.831,1.03,-9.625,0,0,689.309,4.221,2.8544644383,-10.0594242705,-8.8,0,0.6316331067,39.1974019953,4.6067002662,40.8582123101
0.004,2.787,0.982,-9.625,0,0,689.314,4.226,2.8576226918,-9.8634365921,-3.8,128.4,-4.8872240708,17.0909125525,-2.5081924521,38.8008987007
0.018,2.768,0.937,-8.983,0,0,689.319,4.231,2.8331866273,-9.777981614,3.4,-128.4,-8.4679710586,14.7274511786,-7.7664751525,58.6140625819
0.032,2.785,0.889,-9.625,0,0,689.324,4.236,2.7908467995,-9.7043441592,-11.2,128.4,-11.7238033028,47.6187842113,-12.3102924097,107.131260783
0.034,-2.442,1.139,4.492,0,0,689.419,4.331,-2.4256624831,4.8494183275,11.6,0,9.3366085476,-32.0973598573,8.6225892638,-33.3824394892
0.022,-2.384,1.161,4.492,0,0,689.424,4.336,-2.3789794403,4.6889315282,16.6,128.2,12.5362922923,5.6054412019,11.9088710061,2.2050712496
0.01,-2.301,1.187,5.133,0,0,689.429,4.341,-2.3162979789,4.7169587342,12.6,-128.2,13.9434639539,31.6149091755,12.9268564259,24.4934206497
-0.001,-2.238,1.21,4.492,0,0,689.434,4.346,-2.2465806591,4.87503328,12.8,0,13.7664114054,44.1812500353,12.5295908041,26.0440017336
-0.012,-2.174,1.232,4.492,0,0,689.439,4.351,-2.1777486021,5.0959395302,26.4,128.2,12.4424575621,35.7512566153,11.7370367849,1.2534702856
-0.022,-2.042,1.258,5.133,0,0,689.444,4.356,-2.1155363142,5.2746958133,8,0,10.9194184371,-5.7556500664,11.726636129,-51.8613469966
-0.032,-2.002,1.283,5.133,0,0,689.449,4.361,-2.0609392221,5.245917563,6.4,0,10.8407936351,-88.7429083284,13.7213822389,-129.578013347
-0.028,2.705,0.805,-12.833,0,0,689.524,4.436,2.592297938,-12.1372905345,16.4,385,27.4471588635,81.8682408867,30.3847709979,47.6392318191
-0.014,2.787,0.751,-10.908,0,0,689.529,4.441,2.7295337324,-11.72794933,-4.2,128.2,13.9594739552,65.8215286962,18.3720624118,51.3141639197
0,2.766,0.699,-10.267,0,0,689.534,4.446,2.7993311021,-11.3988416866,-2.8,-128.2,4.1955171688,41.4289280406,8.4117844598,58.6052093062
0.014,2.752,0.645,-10.908,0,0,689.539,4.451,2.820308688,-11.1916970464,2,128.2,-2.2409563568,33.8028734509,0.4035135176,83.1311177017
0.028,2.762,0.594,-10.267,0,0,689.544,4.456,2.8091039062,-11.0226826791,-4.2,-128.2,-6.9272599909,64.9275921805,-6.3884989003,135.405579067
0.032,-2.619,0.825,2.567,0,0,689.639,4.551,-2.525304853,3.4830455598,23.2,128.2,18.6627172516,-55.6939779556,15.0947321245,-66.0188427757
0.02,-2.503,0.841,3.208,0,0,689.644,4.556,-2.4319912668,3.2045756701,48.6,128.4,24.7455120449,-10.8665518552,20.228648264,-20.1907463873
0.008,-2.26,0.86,3.85,0,0,689.649,4.561,-2.3082637066,3.1502429108,39.4,-256.6,25.1540594926,18.3978000195,21.2720162795,14.1278851978
-0.002,-2.063,0.873,2.567,0,0,689.654,4.566,-2.1824934091,3.2422319109,10.8,256.6,20.9110016918,34.3974104046,19.1821697104,31.5465838616
-0.012,-2.009,0.892,3.85,0,0,689.659,4.571,-2.0779384006,3.4142189629,14,-128.4,14.6477296698,37.3578160669,15.4849335221,27.7256524745
-0.022,-1.939,0.908,3.208,0,0,689.664,4.576,-2.0046997523,3.6010080432,3.8,0,9.1321589368,23.9988200602,11.9761378858,-0.4873344944
-0.031,-1.92,0.924,3.208,0,0,689.669,4.581,-1.9590389576,3.7210021435,-2.2,0,6.4626241531,-14.1158904541,10.3458963405,-53.8910048161
-0.04,-1.931,0.94,3.208,0,0,689.674,4.586,-1.9267258368,3.6504226913,1.4,128.4,7.7819757245,-88.8896773804,11.8575288592,-128.965365195
-0.036,2.6,0.34,-14.758,0,0,689.749,4.661,2.5554393325,-15.116227287,55.4,0,39.6227842585,62.3060162309,39.1189980998,21.7769658046
-0.022,2.877,0.266,-14.758,0,0,689.754,4.666,2.7535532538,-14.8046972058,17.2,256.6,26.2771978063,74.5243321875,28.2761549794,40.1753222007
-0.007,2.963,0.199,-13.475,0,0,689.759,4.671,2.8849392428,-14.4320755449,-15,-128.4,14.5729775205,66.1545762246,18.5349042871,53.7136116686
0.008,2.888,0.128,-14.117,0,0,689.764,4.676,2.9578041304,-14.1013026638,16.4,256.8,6.0910982224,53.3054111607,10.3562170799,73.6145574412
0.022,2.97,0.064,-12.833,0,0,689.769,4.681,2.9882596216,-13.834775608,-7.4,0,0.5767336708,54.9576134432,3.6284494367,112.370606043
0.04,-1.52,-0.115,-7.7,0,0,689.884,4.796,-1.511175999,-5.4923761225,45.4,385,55.2251931061,38.081521695,53.4609202316,11.9421452927
0.033,-1.293,-0.144,-5.775,0,0,689.889,4.801,-1.2350500334,-5.301968514,65.6,385,57.6155836329,141.496766781,54.7527224692,90.6303129605
0.029,-0.965,-0.164,-3.85,0,0,689.894,4.806,-0.9469721153,-4.5944846801,72.6,128.4,55.264826532,194.082640818,52.2690196067,144.428588693
0.026,-0.602,-0.18,-3.208,0,0,689.899,4.811,-0.6706479826,-3.624071476,55.2,128.2,48.2381415677,200.489250308,46.3324796739,168.177309872
0.024,-0.326,-0.192,-2.567,0,0,689.904,4.816,-0.4294572748,-2.6216252245,15.2,385,38.0620383156,174.81664681,37.7023765284,164.155823857
0.023,-0.25,-0.196,-0.642,0,0,689.909,4.821,-0.2391470832,-1.7475419904,35.6,-128.2,26.6707041176,132.580267409,27.4383700405,139.977771815
0.023,-0.072,-0.202,-1.283,0,0,689.914,4.826,-0.1057935626,-1.0846406534,14.8,128.2,15.364839717,88.215801901,16.6934881826,105.441900402
0.023,0.002,-0.205,-0.642,0,0,689.919,4.831,-0.028969364,-0.6435616438,0.2,128.4,5.0217061684,49.9414451916,6.5306441719,69.6994825194
0.023,0.003,-0.205,0,0,0,689.924,4.836,-0.0038608332,-0.3938544179,-10.6,-128.4,-3.6681531595,21.196212255,-2.1900626342,39.4544786079
0.023,-0.05,-0.209,-0.642,0,0,689.929,4.841,-0.022201599,-0.2878733566,2.8,128.4,-10.4239494762,4.2562594645,-8.8605536442,18.2689453833
0.022,-0.036,-0.209,0,0,0,689.934,4.846,-0.0743213464,-0.2665920593,-16.4,-128.4,-15.0749237972,-0.5530833608,-13.1448879484,6.7054627694
0.022,-0.118,-0.212,-0.642,0,0,689.939,4.851,-0.1496959653,-0.2693574761,-29,0,-17.1202447509,3.8578364369,-15.0040220684,3.0408184788
0.02,-0.263,-0.215,-0.642,0,0,689.944,4.856,-0.2352971891,-0.2500682939,-23.6,128.4,-16.246979894,11.0325080889,-14.7254601788,4.3490899953
0.018,-0.381,-0.215,0,0,0,689.949,4.861,-0.3165320886,-0.1949057535,-9,0,-13.1301093417,15.0056458525,-12.9119613976,7.6590534616
0.016,-0.426,-0.215,0,0,0,689.954,4.866,-0.3821826353,-0.1198775242,-3.6,0,-9.2338117801,15.2251560282,-10.3808336953,10.7790376547
0.014,-0.444,-0.215,0,0,0,689.959,4.871,-0.4283516942,-0.0437517441,-4.8,0,-5.9423912829,14.4847797737,-7.9815286058,12.5356775922
0.011,-0.468,-0.215,0,0,0,689.964,4.876,-0.4580636506,0.0286721548,-3,0,-4.0980524091,14.3930532901,-6.3969435615,12.5622579274
0.009,-0.483,-0.215,0,0,0,689.969,4.881,-0.4785539126,0.1006374213,2.4,0,-4.0485746591,13.9467168823,-6.000658214,11.0167855426
0.006,-0.471,-0.215,0,0,0,689.974,4.886,-0.4987967859,0.1703710057,-6,128.4,-5.6707599406,11.0506844792,-6.8091065022,8.475475799
0.003,-0.501,-0.212,0.642,0,0,689.979,4.891,-0.5271505856,0.2256244281,-11,-128.4,-8.3922270911,5.6121558963,-8.5306682869,5.9251454688
0.001,-0.556,-0.212,0,0,0,689.984,4.896,-0.5691117211,0.2536852075,-10.2,128.4,-11.4650418693,0.0595565888,-10.6874414863,4.611169616
-0.003,-0.607,-0.209,0.642,0,0,689.989,4.901,-0.6264369304,0.2539829905,-13.8,-128.4,-14.1976358724,-2.7430896718,-12.7703339702,5.6094413161
-0.006,-0.676,-0.209,0,0,0,689.994,4.906,-0.6974251098,0.2402675421,-21.4,0,-15.9764939405,-1.600082104,-14.3847684147,9.2133203153
-0.01,-0.783,-0.209,0,0,0,689.999,4.911,-0.7773075795,0.2322671316,-23.4,128.4,-16.4533936036,1.9894814389,-15.3480238882,14.3315429064
-0.015,-0.9,-0.205,0.642,0,0,690.004,4.916,-0.8595745475,0.2422145388,-10.4,-128.4,-15.8598189179,6.5929578602,-15.7071057285,18.0486852754
-0.019,-0.952,-0.205,0,0,0,690.009,4.921,-0.9388736421,0.2751793281,-10,0,-14.831894008,11.7527444989,-15.6673077937,15.4963326138
-0.024,-1.002,-0.205,0,0,0,690.014,4.926,-1.0130331122,0.3339430506,-18,0,-13.8416989304,12.968774942,-15.4559210042,0.3430446349
-0.03,-1.092,-0.205,0,0,0,690.019,4.931,-1.0822416068,0.3987869253,-12.8,0,-13.0547470968,-0.2299800165,-15.1679781464,-33.7052621405
-0.036,-1.156,-0.205,0,0,0,690.024,4.936,-1.1475153423,0.3976370252,-6.2,0,-12.5561614921,-40.7459738574,-14.6376081883,-90.3476689897
-0.042,-1.187,-0.205,0,0,0,690.029,4.941,-1.2102961497,0.1939071559,-7.4,0,-12.2085939709,-119.032208329,-13.3705960185,-167.768912413
-0.02,2.873,-1.238,-17.325,0,0,690.114,5.026,2.8753712939,-17.6192480864,39.2,128.4,30.3134214208,57.4286208493,32.6576339662,14.8283541881
-0.004,3.069,-1.322,-16.683,0,0,690.119,5.031,3.0269384011,-17.3321049823,19,0,19.4086865235,54.9779814716,23.0095369136,29.1180130741
0.012,3.164,-1.405,-16.683,0,0,690.124,5.036,3.1239818338,-17.0572150752,0.8,128.2,11.1135987728,42.9681303278,15.6054856717,51.7550397407
0.028,3.168,-1.485,-16.042,0,0,690.129,5.041,3.1795498278,-16.842374424,-5,128.4,6.0809133182,42.7233405322,10.2414217582,94.5982253548
0.044,-0.711,0.616,10.267,0,0,690.848,5.76,-0.7166227478,9.7259642376,2.4,-128.4,1.915243344,-34.9856154771,1.8720425043,-31.2849267573
0.041,-0.699,0.664,9.625,0,0,690.853,5.765,-0.7070466034,9.5510299223,-2.4,-128.4,2.1664125679,-44.6617569509,2.001744785,-37.2129835402
0.037,-0.711,0.709,8.983,0,0,690.858,5.77,-0.6962145692,9.3277110186,4.6,0,2.343842172,-46.0982824736,2.000602526,-41.044644618
0.034,-0.688,0.754,8.983,0,0,690.863,5.775,-0.6844953611,9.0972106156,4.2,0,2.3159983914,-42.8348873182,1.8313290406,-42.6037445379
0.031,-0.667,0.799,8.983,0,0,690.868,5.78,-0.6729153606,8.8830300799,2.4,-128.2,1.9925804445,-39.1853606007,1.5143517069,-42.4001645113
0.027,-0.655,0.841,8.342,0,0,690.873,5.785,-0.6629524474,8.6871000171,0.4,128.2,1.4652581371,-37.5976778575,1.1445426708,-41.0855852419
0.024,-0.653,0.885,8.983,0,0,690.878,5.79,-0.6556261477,8.4991104197,2.2,-128.2,0.9287635285,-37.6664565773,0.8889309401,-38.9931746556
0.021,-0.642,0.927,8.342,0,0,690.883,5.795,-0.6509823243,8.3107781016,1.4,-128.4,0.6112193618,-36.4509186307,0.9605976075,-36.0277301406
0.018,-0.635,0.966,7.7,0,0,690.888,5.8,-0.6479262247,8.1285239669,-0.4,128.4,0.8045501136,-32.9658477208,1.5707996996,-31.8453645066
0.015,-0.637,1.007,8.342,0,0,690.893,5.805,-0.6439034732,7.9636952668,-1.2,-128.4,1.8109699084,-28.4828452022,2.8668508033,-26.1088719264
0.012,-0.643,1.046,7.7,0,0,690.898,5.81,-0.6348486238,7.8212814671,2.8,0,3.756576527,-22.7912803364,4.8702045618,-18.7113524476
0.008,-0.629,1.084,7.7,0,0,690.903,5.815,-0.6160657417,7.7073253303,8.8,0,6.5041448321,-15.0097098578,7.4336405223,-9.9970810683
0.006,-0.585,1.123,7.7,0,0,690.908,5.82,-0.5835450181,7.6322769079,6.8,0,9.7740254767,-4.6673937762,10.2332936344,-0.9662163053
0.003,-0.551,1.161,7.7,0,0,690.913,5.825,-0.5346748912,7.6089399746,8.8,-128.4,13.18246115,8.2971260351,12.8054499842,6.6904229387
0,-0.507,1.197,7.058,0,0,690.918,5.83,-0.4687625857,7.6504255931,17.4,128.4,16.0580792763,20.2912693254,14.6345060835,10.941400493
-0.002,-0.42,1.235,7.7,0,0,690.923,5.835,-0.3884721894,7.7518819117,23.4,0,17.4555162578,23.5140642782,15.28687274,10.2070056849
-0.003,-0.303,1.274,7.7,0,0,690.928,5.84,-0.3011946081,7.8694522059,24.8,256.6,16.6465148193,13.0184477791,14.555835044,4.2541119464
-0.004,-0.179,1.319,8.983,0,0,690.933,5.845,-0.217962034,7.9345444253,14.4,-256.6,13.6828241534,-6.3486734033,12.5531701171,-5.4451029093
-0.005,-0.107,1.357,7.7,0,0,690.938,5.85,-0.1495479132,7.9028010471,7.8,0,9.4549515698,-24.1818682953,9.6907513171,-16.2634258172
-0.005,-0.068,1.396,7.7,0,0,690.943,5.855,-0.1022731553,7.781891701,0.6,0,5.206003469,-34.7481737737,6.547905835,-25.5505549848
-0.005,-0.065,1.434,7.7,0,0,690.948,5.86,-0.076243138,7.6081508315,-1.4,-128.4,1.9485934426,-38.5912657056,3.6827036916,-31.6161188096
-0.006,-0.072,1.469,7.058,0,0,690.953,5.865,-0.0665001707,7.415194504,-4.6,128.4,0.1196342732,-37.7937621507,1.473158295,-34.1000571324
-0.006,-0.095,1.508,7.7,0,0,690.958,5.87,-0.0659019994,7.2262256949,1.4,-256.6,-0.4811331667,-33.7004671882,0.0525712995,-33.7709610358
-0.006,-0.088,1.54,6.417,0,0,690.963,5.875,-0.0683076652,7.0577233602,3.6,128.2,-0.4413043756,-28.3513479457,-0.650005821,-32.0139509828
-0.007,-0.07,1.575,7.058,0,0,690.968,5.88,-0.0705141871,6.9159666214,1.2,0,-0.2738137048,-25.0257612579,-0.8056514796,-30.2305515306
-0.007,-0.064,1.611,7.058,0,0,690.973,5.885,-0.0718832556,6.7908378155,-2.4,-128.2,-0.1494536421,-24.6573117723,-0.5818373495,-29.3312449043
-0.007,-0.076,1.643,6.417,0,0,690.978,5.89,-0.0726305238,6.6675512568,3,0,-0.0061490882,-26.3336300619,-0.086936025,-29.4710323116
-0.007,-0.061,1.675,6.417,0,0,690.983,5.895,-0.0726612693,6.5358831065,0.2,128.2,0.3112038911,-30.2658403283,0.6257278682,-30.0816669007
-0.008,-0.06,1.71,7.058,0,0,690.988,5.9,-0.0711052498,6.3845539048,-3.2,-256.6,1.0228096432,-34.65026874,1.5139404089,-30.1767767389
-0.008,-0.076,1.739,5.775,0,0,690.993,5.905,-0.0659912016,6.211302561,-1.2,128.4,2.2239484128,-35.1384031652,2.4979256869,-28.8597579471
-0.008,-0.082,1.771,6.417,0,0,690.998,5.91,-0.0548714595,6.0356105451,7.2,-256.8,3.6430494781,-30.101775057,3.4419688047,-25.8338939632
-0.009,-0.046,1.797,5.133,0,0,691.003,5.915,-0.0366562121,5.8851016698,8.4,256.8,4.7888929293,-22.1025899448,4.1823564976,-21.6194936684
-0.009,-0.004,1.829,6.417,0,0,691.008,5.92,-0.0127117475,5.77458872,2.8,-256.8,5.3410815748,-14.3145086468,4.5865842042,-17.3398704364
-0.008,0.01,1.854,5.133,0,0,691.013,5.925,0.0139936604,5.7030161768,7.2,128.4,5.2495729853,-8.8251162203,4.6093922981,-14.2159340482
-0.008,0.046,1.883,5.775,0,0,691.018,5.93,0.0402415253,5.6588905957,7,0,4.608637744,-7.8253730545,4.3170500143,-13.0369605738
-0.008,0.081,1.912,5.775,0,0,691.023,5.935,0.063284714,5.6197637304,2.8,0,3.6668898597,-11.5538982764,3.8697738601,-13.8443544018
-0.007,0.095,1.941,5.775,0,0,691.028,5.94,0.0816191633,5.5619942391,0.6,-128.4,2.828014841,-17.036924014,3.4680513989,-15.9667596737
-0.007,0.098,1.967,5.133,0,0,691.033,5.945,0.0957592375,5.476809619,1.2,128.4,2.4527841493,-21.9389182388,3.2811702137,-18.3746562603
-0.006,0.104,1.996,5.775,0,0,691.038,5.95,0.1080231583,5.3671150278,2.8,-128.4,2.686392758,-25.216850142,3.3851020787,-20.165097841
-0.006,0.118,2.021,5.133,0,0,691.043,5.955,0.1214551221,5.2410307771,0,0,3.4479007932,-24.932307787,3.7352727146,-20.9651119874
-0.005,0.118,2.047,5.133,0,0,691.048,5.96,0.138694626,5.1163692382,5.8,-128.2,4.4446709416,-20.6727623641,4.1863844695,-21.0826854813
-0.004,0.147,2.069,4.492,0,0,691.053,5.965,0.1609179808,5.0130054263,7.8,128.2,5.2336216098,-16.464365237,4.5526439678,-21.284057867
-0.003,0.186,2.095,5.133,0,0,691.058,5.97,0.1870860888,4.9306836002,8,0,5.4526644879,-16.9243812193,4.6838595829,-22.2668094314
-0.002,0.226,2.121,5.133,0,0,691.063,5.975,0.2143494112,4.8460616941,5.2,-128.2,5.0485835833,-21.9415618968,4.5238153889,-24.1691447627
-0.001,0.252,2.143,4.492,0,0,691.068,5.98,0.2395923292,4.7363538846,3.2,128.2,4.2629375695,-28.0179435482,4.1258698909,-26.4704939384
0.001,0.268,2.169,5.133,0,0,691.073,5.985,0.260907017,4.5962641668,2,-256.6,3.4262959501,-31.9340128855,3.6242444861,-28.3187071463
0.002,0.278,2.188,3.85,0,0,691.078,5.99,0.2780384968,4.4365941024,3.8,128.4,2.7810567519,-32.7915997174,3.1810083221,-29.0095945048
0.004,0.297,2.211,4.492,0,0,691.083,5.995,0.2919437805,4.2726361038,1.4,0,2.4621245225,-31.4002204951,2.933864018,-28.3277520751
0.005,0.304,2.233,4.492,0,0,691.088,6,0.3042544031,4.1156350013,1.4,-256.8,2.537083789,-27.2238004258,2.9607176431,-26.632685755
0.007,0.311,2.249,3.208,0,0,691.093,6.005,0.3169398221,3.9795159992,3.6,128.4,2.9881464125,-21.5083896723,3.265908732,-24.6891762775
0.009,0.329,2.268,3.85,0,0,691.098,6.01,0.3318805541,3.8719740509,3.4,128.4,3.7093182625,-19.3263822748,3.7867119017,-23.2946295305
0.011,0.346,2.291,4.492,0,0,691.103,6.015,0.3504271454,3.7753421395,4.6,-256.8,4.5596496433,-21.6452794074,4.4158348055,-22.9034014991
0.013,0.369,2.307,3.208,0,0,691.108,6.02,0.3732253937,3.6671157424,4.8,128.4,5.3873624449,-24.2118783772,5.0340539676,-23.5208692992
0.015,0.393,2.326,3.85,0,0,691.113,6.025,0.4001622059,3.5460563506,7,-128.4,6.0211302871,-24.5949720566,5.5462611862,-24.8834997265
0.017,0.428,2.342,3.208,0,0,691.118,6.03,0.4302678573,3.4230814903,8.4,0,6.3155717334,-23.3624043643,5.9121910932,-26.6244305798
0.019,0.47,2.358,3.208,0,0,691.123,6.035,0.461845716,3.3062694685,7.4,0,6.2705470701,-22.5481098811,6.1599057211,-28.1662423372
0.022,0.507,2.374,3.208,0,0,691.128,6.04,0.4931984513,3.193528919,3.2,0,6.0806511117,-24.2748153368,6.3712451557,-28.4116325173
0.024,0.523,2.39,3.208,0,0,691.133,6.045,0.5236017069,3.0721548424,6.4,0,5.9959255628,-27.8798200949,6.6386064199,-25.5801499864
0.027,0.555,2.406,3.208,0,0,691.138,6.05,0.5535813347,2.9327557419,6.2,-128.2,6.1657546739,-29.6667009075,7.0063606521,-17.5652746282
0.03,0.586,2.419,2.567,0,0,691.143,6.055,0.5844101081,2.7844222373,4.6,128.2,6.629612016,-25.4217128045,7.4179158779,-2.957119968
0.033,0.609,2.435,3.208,0,0,691.148,6.06,0.6175581682,2.6573136733,6.2,-256.6,7.3122870253,-11.8855468742,7.6892287494,17.4599152354
0.037,0.64,2.445,1.925,0,0,691.153,6.065,0.6541196033,2.597885939,8.6,256.6,7.9663458196,12.206183997,7.5269916286,39.2245690176
0.04,0.683,2.461,3.208,0,0,691.158,6.07,0.6939513324,2.6589168589,7.4,-256.6,8.199210498,45.0372718902,6.6055258748,53.4781098448
0.044,0.72,2.47,1.925,0,0,691.163,6.075,0.7349473849,2.8841032184,6.8,128.4,7.5445390516,79.0396792988,4.7056347071,47.9663298412
0.016,-3.769,4.078,24.383,0,0,691.323,6.235,-3.7996000651,23.5393721735,-59,-385,-31.1755138684,0.8280618388,-30.5273497825,30.4076105201
-0.005,-4.064,4.19,22.458,0,0,691.328,6.24,-3.9554776344,23.5435124827,-13.6,0,-25.3725893554,-31.2866357278,-26.5322187004,-24.1481027962
-0.025,-4.132,4.302,22.458,0,0,691.333,6.245,-4.0823405812,23.387079304,-1,128.4,-20.0435974516,-64.0203440276,-22.7863863543,-95.328624755
-0.033,1.849,2.442,-13.475,0,0,691.667,6.579,1.8435449618,-13.6368241103,-14,0,-14.0775146468,25.8193048173,-14.9999013293,21.89210456
-0.024,1.779,2.374,-13.475,0,0,691.672,6.584,1.7729646088,-13.5091755386,-13,0,-14.3280440803,24.85596875,-14.8496661568,22.7170478061
-0.015,1.714,2.307,-13.475,0,0,691.677,6.589,1.7009756312,-13.3864211972,-15.8,128.4,-14.9453985971,20.9820331082,-15.0704185347,21.9467558265
-0.007,1.635,2.243,-12.833,0,0,691.682,6.594,1.6258279011,-13.2819573946,-17,-128.4,-15.5942408839,16.9502063016,-15.4922502768,19.0135403128
0.001,1.55,2.175,-13.475,0,0,691.687,6.599,1.5474099337,-13.1948832173,-18.6,0,-16.0276551449,14.6572858407,-15.9230993393,13.3608563821
0.008,1.457,2.108,-13.475,0,0,691.692,6.604,1.4668769301,-13.1143504211,-15,128.4,-16.2171479067,11.4419965439,-16.1857300796,4.529772987
0.015,1.382,2.044,-12.833,0,0,691.697,6.609,1.3856305754,-13.042953434,-12.4,0,-16.2809264263,3.5547018637,-16.1268820384,-7.2350820699
0.022,1.32,1.98,-12.833,0,0,691.702,6.614,1.3046390948,-13.0036270625,-13.6666666667,0,-16.1850619477,-7.2835925433,-15.5851878144,-20.0565577537
0.028,1.238,1.915,-12.833,0,0,691.708,6.62,1.2250456644,-13.0148328571,-24,-160.5,-15.5919374515,-15.8264403789,-14.3567149132,-29.6081515852
0.034,1.142,1.848,-13.475,0,0,691.712,6.624,1.1492455369,-13.0746370573,-13.6,128.4,-14.1773516008,-19.9912157872,-12.3066111781,-28.8099612951
0.04,1.074,1.784,-12.833,0,0,691.717,6.629,1.0807464148,-13.1730580409,-9.2,128.2,-11.9672671043,-18.8306543517,-9.5883809764,-8.3819627144
0.045,1.028,1.723,-12.192,0,0,691.722,6.634,1.0230743353,-13.2894868407,-11.5,-106.833333333,-9.1981046082,-2.4511594079,-6.7211219476,41.2014838779
0.025,-3.04,1.652,3.85,0,0,691.797,6.709,-2.9029217785,4.6164134038,-37.2,-128.4,-51.4408726239,-189.615272217,-55.7213289492,-186.886939892
0.009,-3.226,1.668,3.208,0,0,691.802,6.714,-3.1474757584,3.7482745962,-8.2,-256.6,-31.1950124201,-135.610214454,-37.1891098274,-172.533107122
-0.007,-3.267,1.678,1.925,0,0,691.807,6.719,-3.2960760578,3.1389817124,-6,107,-15.2967917092,-104.664721877,-20.6205518281,-170.370987691
-0.024,-3.303,1.691,2.567,0,0,691.813,6.725,-3.369154649,2.6777726536,-7.5,-160.5,-3.7248492991,-119.688817534,-6.6630222405,-192.252622764
-0.031,3,-0.244,-25.025,0,0,691.947,6.859,2.9802115717,-24.4128601182,27.2,128.4,22.2238477548,28.3417664796,21.7088767475,-9.2145918051
-0.015,3.136,-0.366,-24.383,0,0,691.952,6.864,3.0913308107,-24.2711517289,16.4,128.2,16.6629420658,42.388809976,17.9331627128,8.0720068678
0.001,3.218,-0.484,-23.742,0,0,691.957,6.869,3.17464547,-24.0592085996,5,256.8,11.4226230139,38.8417519367,14.5039324933,32.2372004787
0.017,3.243,-0.597,-22.458,0,0,691.962,6.874,3.2317584532,-23.8650009691,1.4,0,7.5815465236,34.8744514331,11.6257426447,76.0494937107
0.043,-0.815,0.914,13.475,0,0,692.986,7.898,-0.7803100842,13.1106228111,4.8,-128.4,0.8618303112,-29.8006104748,0.7810071028,-26.6489730168
0.039,-0.791,0.979,12.833,0,0,692.991,7.903,-0.776328918,12.970126696,7.4,0,2.1642162318,-45.2223029459,1.5143471509,-34.7916487112
0.035,-0.754,1.043,12.833,0,0,692.996,7.908,-0.7661930312,12.7914946385,1.4,-128.2,3.0329101821,-63.2147938402,2.1180621491,-42.6094236089
0.032,-0.747,1.104,12.192,0,0,693.001,7.913,-0.7521318425,12.5862732434,-0.1666666667,106.833333333,3.4059764554,-84.9750894515,2.5000540191,-49.6538586401
0.028,-0.748,1.168,12.833,0,0,693.007,7.919,-0.7364994809,12.3544881296,10.25,-320.75,3.3076970983,-108.938305448,2.6551888953,-55.0739698554
0.025,-0.707,1.226,11.55,0,0,693.011,7.923,-0.7212803712,12.0854853785,3.1666666667,320.833333333,2.8223379196,-127.55135218,2.6682165516,-57.6923159139
0.021,-0.688,1.293,13.475,0,0,693.017,7.929,-0.708003723,11.7785307975,-2.25,-962.5,2.2857425824,-128.899673177,2.6940570378,-56.5772292413
0.018,-0.697,1.341,9.625,0,0,693.021,7.933,-0.6968095956,11.4690982998,1,385,2.1118600157,-110.035319629,2.9058172572,-51.7097231434
0.014,-0.692,1.399,11.55,0,0,693.026,7.938,-0.6860664727,11.2091554952,5.6,-128.4,2.4891474128,-84.5458454984,3.4326168951,-44.2656000236
0.011,-0.664,1.453,10.908,0,0,693.031,7.943,-0.6732658497,11.0110598028,1,107,3.4447719095,-65.1171705219,4.2983564411,-35.98417601
0.008,-0.658,1.511,11.55,0,0,693.037,7.949,-0.6556941596,10.8498646945,0.5,-320.75,4.9551622552,-49.9339996422,5.384642405,-28.1942344029
0.005,-0.656,1.562,10.267,0,0,693.041,7.953,-0.6306699658,10.7145987245,6.2,0,6.7547482097,-33.8054406698,6.4763930713,-21.6389654803
0.002,-0.625,1.614,10.267,0,0,693.046,7.958,-0.5967630641,10.6164652888,15,128.2,8.2561371848,-19.3151664569,7.369593757,-16.8385203162
-0.001,-0.55,1.668,10.908,0,0,693.051,7.963,-0.5554349859,10.5551529661,10.2,-128.2,8.9238494438,-11.6637272083,7.9549522737,-14.0720417267
-0.004,-0.499,1.72,10.267,0,0,693.056,7.968,-0.5108165391,10.5078747734,11.6,128.2,8.6883508552,-11.3383030341,8.2543860347,-13.0648712171
-0.006,-0.441,1.774,10.908,0,0,693.061,7.973,-0.4673952634,10.4492454366,7.6,-128.2,7.9854358662,-14.7098685803,8.4122971904,-12.9818545398
-0.008,-0.403,1.826,10.267,0,0,693.066,7.978,-0.4274911602,10.3689236887,3.6,0,7.5168309784,-17.236837584,8.6234005996,-12.8433449787
-0.009,-0.385,1.877,10.267,0,0,693.071,7.983,-0.3899249274,10.2757987098,1.2,0,7.8537371508,-16.0971623322,9.0209908819,-12.0786857996
-0.011,-0.379,1.928,10.267,0,0,693.076,7.988,-0.3506672002,10.190175369,8.6,-128.4,9.0193765162,-11.4068435941,9.5911563682,-10.8640765707
-0.013,-0.336,1.976,9.625,0,0,693.081,7.993,-0.3055754449,10.1301342249,13.8,128.4,10.4319355218,-6.415108448,10.1649138178,-10.0190516694
-0.014,-0.267,2.028,10.267,0,0,693.086,7.998,-0.2534171039,10.0967426051,16.4,0,11.3477271437,-5.2166500694,10.4918968922,-10.5215831883
-0.015,-0.185,2.079,10.267,0,0,693.091,8.003,-0.1966778794,10.0703963676,10,-128.4,11.3654663114,-9.0249443479,10.3504824691,-12.9549803247
-0.015,-0.135,2.127,9.625,0,0,693.096,8.008,-0.1398493231,10.0255143356,8.4,256.6,10.4831210687,-16.2788127411,9.6364962886,-17.2263278625
-0.015,-0.093,2.182,10.908,0,0,693.101,8.013,-0.0874325609,9.944506223,14.8,-385,8.8436442166,-23.528175313,8.3975187299,-22.6683909178
-0.015,-0.019,2.227,8.983,0,0,693.106,8.018,-0.0432135232,9.8272062984,7.2,128.4,6.7170492157,-28.7027268943,6.8114100268,-28.3482224155
-0.015,0.017,2.275,9.625,0,0,693.111,8.023,-0.0096278213,9.6839230441,-2.4,128.4,4.6070170757,-34.2531228146,5.1249704198,-33.3196657688
-0.015,0.005,2.326,10.267,0,0,693.116,8.028,0.013407448,9.5127800045,2.2,-256.8,2.9708748894,-40.3587739461,3.5781727215,-36.7615759614
-0.015,0.016,2.371,8.983,0,0,693.121,8.033,0.0282618445,9.3110311338,6.2,0,1.89885436,-42.5222211405,2.3450779425,-38.1449222031
-0.015,0.047,2.416,8.983,0,0,693.126,8.038,0.0377560656,9.0984208621,-0.8,0,1.2910779203,-39.383053126,1.5126307414,-37.4414137587
-0.014,0.043,2.461,8.983,0,0,693.131,8.043,0.0442113881,8.9014879741,-2.8,-128.2,1.086295924,-33.8694339497,1.0951109867,-35.157980646
-0.014,0.029,2.502,8.342,0,0,693.136,8.048,0.049642812,8.732120318,7,128.2,1.158431629,-29.2431509574,1.0659558529,-32.0779457686
-0.014,0.064,2.547,8.983,0,0,693.141,8.053,0.0554349341,8.5858884223,3,-128.2,1.3549969124,-26.9537431617,1.3869273054,-28.8864846247
-0.013,0.079,2.589,8.342,0,0,693.146,8.058,0.0622099006,8.4511097145,-1.8,0,1.7513403745,-25.9134703935,2.018704391,-25.9572765357
-0.013,0.07,2.631,8.342,0,0,693.151,8.063,0.0709665965,8.3215376049,-0.8,0,2.55422205,-24.4101202419,2.9079919307,-23.4036408494
-0.012,0.066,2.673,8.342,0,0,693.156,8.068,0.0837377076,8.1994856905,6.8,-128.4,3.7557474334,-21.8567841192,3.9651164963,-21.2698183209
-0.012,0.1,2.711,7.7,0,0,693.161,8.073,0.102516448,8.090202233,4.8,128.4,5.1159189891,-19.1131583449,5.0558068736,-19.6639671532
-0.011,0.124,2.753,8.342,0,0,693.166,8.078,0.1280960464,7.9946375125,4.8,-128.4,6.377531235,-17.4469332486,6.0197068851,-18.7389289781
-0.01,0.148,2.791,7.7,0,0,693.171,8.083,0.1599837052,7.9074038796,7,0,7.2870577633,-17.4905602349,6.7095921087,-18.5783462201
-0.009,0.183,2.83,7.7,0,0,693.176,8.088,0.1964189956,7.8199518173,15.4,128.4,7.5796869077,-19.479343346,7.0343367611,-19.1169573398
-0.008,0.26,2.871,8.342,0,0,693.181,8.093,0.2343174308,7.7225555185,6,-256.8,7.2324712657,-21.8076727138,6.9851249527,-20.1872085901
-0.006,0.29,2.907,7.058,0,0,693.186,8.098,0.2704797873,7.6135173276,0,128.4,6.5866970393,-22.2351831727,6.6298893349,-21.6615062446
-0.005,0.29,2.945,7.7,0,0,693.191,8.103,0.3034132723,7.5023414366,7,-128.4,5.9645692393,-21.9196485329,6.0806335753,-23.532249728
-0.003,0.325,2.981,7.058,0,0,693.196,8.108,0.3332361183,7.3927431511,9.2,128.4,5.3688937388,-23.8241664099,5.4574174006,-25.8124292262
-0.001,0.371,3.019,7.7,0,0,693.201,8.113,0.3600805869,7.2736222598,4.4,-128.4,4.7314377241,-28.2655469533,4.8679025001,-28.3611249724
0.001,0.393,3.054,7.058,0,0,693.206,8.118,0.3837377754,7.132294475,1.8,0,4.1717074584,-32.5504870907,4.3995514138,-30.8536082273
0.003,0.402,3.09,7.058,0,0,693.211,8.123,0.4045963126,6.9695420068,4.2,-128.2,3.8673563763,-34.6735346849,4.1125696588,-32.947039025
0.005,0.423,3.122,6.417,0,0,693.216,8.128,0.4239330945,6.7961743166,3.6,128.2,3.8770984158,-35.5644597802,4.0321945356,-34.4747505639
0.008,0.441,3.157,7.058,0,0,693.221,8.133,0.4433185865,6.6183520121,3.4,-128.2,4.1517297433,-35.801190527,4.1487053315,-35.5119256308
0.01,0.458,3.189,6.417,0,0,693.226,8.138,0.4640772353,6.4393460599,5,-128.4,4.5830451057,-33.9886048193,4.4303742517,-36.2897528312
0.013,0.483,3.218,5.775,0,0,693.231,8.143,0.4869924608,6.2694030387,5.8,128.4,5.0310810381,-31.0835678262,4.8449095731,-36.9585189988
0.015,0.512,3.25,6.417,0,0,693.236,8.148,0.512147866,6.1139852026,7.4,-128.4,5.4036854595,-30.6302288395,5.3772302765,-37.2044723781
0.018,0.549,3.279,5.775,0,0,693.241,8.153,0.5391662933,5.9608340608,4.8,128.4,5.7487632231,-33.3029535568,6.0295948672,-35.8995775145
0.021,0.573,3.311,6.417,0,0,693.246,8.158,0.5679101094,5.7943192944,4.2,-256.8,6.2218150771,-35.5136917136,6.7971005212,-31.1217739911
0.024,0.594,3.337,5.133,0,0,693.251,8.163,0.5990191848,5.6167508365,7.4,128.4,6.9275929243,-33.5029740489,7.6258880173,-20.7546697548
0.027,0.631,3.366,5.775,0,0,693.256,8.168,0.6336571494,5.4492359664,6.6,-128.4,7.8230240617,-26.1121805427,8.3741272471,-3.6057377598
0.031,0.664,3.391,5.133,0,0,693.261,8.173,0.6727722697,5.3186750635,8.6,128.4,8.7398313897,-12.4096831653,8.7992806887,19.1430930548
0.034,0.707,3.42,5.775,0,0,693.266,8.178,0.7164714267,5.2566266476,7.6,-128.4,9.4001782234,11.1694979379,8.5907836795,42.432358249
0.038,0.745,3.446,5.133,0,0,693.271,8.183,0.7634723178,5.3124741371,10.8,-128.2,9.4029314643,46.6795788954,7.4594891642,56.4444505266
0.042,0.799,3.468,4.492,0,0,693.276,8.188,0.8104869751,5.5458720315,9.8,128.2,8.2858687304,84.6674618914,5.2817111739,47.5914432433
0.032,-3.47,5.627,25.025,0,0,693.451,8.363,-3.4571515678,25.2258508283,-24.8,128.4,-22.325575153,-31.5291008832,-22.2456346062,-11.471552909
0.014,-3.594,5.756,25.667,0,0,693.456,8.368,-3.5687794313,25.0682049594,-19.6,-256.8,-17.4854163841,-53.4694732528,-18.5829152494,-35.4050743442
-0.004,-3.692,5.878,24.383,0,0,693.461,8.373,-3.6562065064,24.8008571285,-8.2,-128.2,-13.3916313452,-58.2715438535,-15.5415021631,-54.2382229843
-0.023,-3.733,5.996,23.742,0,0,693.466,8.378,-3.7231646742,24.5094990054,-3.4,0,-10.8035707104,-54.5785890281,-13.3945839145,-71.6079408068
-0.04,1.619,3.792,-19.25,0,0,693.871,8.783,1.6252962742,-19.3256913786,-13.8,0,-12.2600672841,40.6996735135,-12.2771393022,41.314530878
-0.032,1.55,3.696,-19.25,0,0,693.876,8.788,1.5639959378,-19.1221930109,-10,0,-10.9931421445,50.2635982718,-11.273437349,47.8391149877
-0.024,1.5,3.6,-19.25,0,0,693.881,8.793,1.5090302271,-18.8708750195,-5.6,256.6,-10.0393485025,55.504931168,-10.4354465352,52.3717936582
-0.017,1.472,3.51,-17.967,0,0,693.886,8.798,1.4588334846,-18.5933503636,-9.6,-128.2,-9.5125192606,55.3177518271,-9.8104685616,53.7247463294
-0.009,1.424,3.417,-18.608,0,0,693.891,8.803,1.4112708882,-18.3167616046,-12.8,128.2,-9.2460099188,52.0170453892,-9.3917226798,51.1021308674
-0.002,1.36,3.327,-17.967,0,0,693.896,8.808,1.3650408384,-18.056676378,-9,0,-9.0281715001,46.9238104304,-9.1241540579,44.0541143836
0.004,1.315,3.237,-17.967,0,0,693.901,8.813,1.3198999806,-17.8220573266,-6.4,128.4,-8.8113128207,39.4131697269,-8.9197773995,32.502945441
0.011,1.283,3.151,-17.325,0,0,693.906,8.818,1.2758434162,-17.6249914793,-9.8,-128.4,-8.6110289845,29.2830602554,-8.6688911153,17.0655703275
0.017,1.234,3.061,-17.967,0,0,693.911,8.823,1.232788271,-17.4785761796,-9.4,256.8,-8.3843445023,16.6857460734,-8.2475816677,-0.3067393051
0.023,1.187,2.977,-16.683,0,0,693.916,8.828,1.1908665486,-17.3951474506,-6.8,-256.8,-8.0908713833,2.4878618553,-7.5344594437,-15.5470463794
0.029,1.153,2.887,-17.967,0,0,693.921,8.833,1.1504121926,-17.3827081412,-5,256.8,-7.6966677161,-10.9996162399,-6.4521690411,-21.9047732112
0.035,1.128,2.804,-16.683,0,0,693.926,8.838,1.1119288563,-17.4377062189,-10.2,-128.4,-7.0548292418,-19.1364815129,-5.0439123991,-10.1435948358
0.04,1.077,2.717,-17.325,0,0,693.931,8.843,1.0766547142,-17.5333886168,-10.4,128.4,-5.9813534366,-11.5684489059,-3.5788748876,29.8331432593
0.035,-2.966,2.31,0.642,0,0,694.001,8.913,-2.7786997659,1.7061726754,-74,-256.8,-81.735808604,-187.329057656,-82.3826071994,-170.676731337
0.018,-3.336,2.307,-0.642,0,0,694.006,8.918,-3.1873766532,0.7695360722,-41.8,0,-58.5310019058,-152.944743424,-63.8895231715,-188.613044722
0.001,-3.545,2.304,-0.642,0,0,694.011,8.923,-3.4800302628,0.0048229206,-27.4,-128.2,-37.4459747616,-132.290789683,-45.2795165383,-204.378728808
-0.018,-3.682,2.297,-1.283,0,0,694.016,8.928,-3.6672614828,-0.6566228125,-7.2,128.2,-21.1015012044,-152.824676158,-28.3053950595,-231.451910347
-0.029,2.333,-1.854,-30.8,0,0,694.22,9.132,2.3749274028,-30.1006769764,25,256.6,8.0074897878,67.2084021828,8.2351246077,43.7369648632
-0.016,2.458,-2.002,-29.517,0,0,694.225,9.137,2.4172062812,-29.838140863,-5,0,5.2538699548,103.486174176,5.9339451482,60.8719844619
-0.004,2.433,-2.15,-29.517,0,0,694.23,9.142,2.4469865467,-29.4478495253,10.8333333333,-106.833333333,2.5083911945,126.402544976,3.775595249,68.8582437962
0.009,2.498,-2.3,-30.158,0,0,694.236,9.148,2.463931203,-28.9910578204,-11,802,0.2248616972,124.399993548,1.9459740592,67.3618855855
0.021,2.454,-2.435,-26.95,0,0,694.24,9.152,2.4694657949,-28.5611895514,4.8,-256.6,-1.2865353241,94.1209493676,0.533312163,59.205367159
0.034,2.478,-2.576,-28.233,0,0,694.245,9.157,2.4665632569,-28.2571103204,-7.2,128.2,-1.9960524187,51.1921111077,-0.5150538152,50.2357984803
0.045,-0.797,1.129,19.892,0,0,695.335,10.247,-0.7978699679,19.5570258338,-10.25,-160.5,-0.5830335799,-45.5945515354,0.0450653837,-37.5985571229
0.041,-0.838,1.226,19.25,0,0,695.339,10.251,-0.7985342912,19.3646925678,7.8,0,1.299659014,-57.8978166646,1.3625711619,-48.9328531055
0.037,-0.799,1.322,19.25,0,0,695.344,10.256,-0.7898859462,19.1076306427,9.4,-128.4,2.8649659784,-65.0876619867,2.510177845,-57.4138592791
0.033,-0.752,1.415,18.608,0,0,695.349,10.261,-0.7737651708,18.8059264897,0.6,0,3.7911214976,-67.8376475925,3.3621401267,-62.8221464995
0.03,-0.749,1.508,18.608,0,0,695.354,10.266,-0.7533526184,18.480405589,2.4,-128.2,4.212963979,-67.4079240536,3.8928227071,-65.4756991899
0.026,-0.737,1.598,17.967,0,0,695.359,10.271,-0.7310914256,18.1474039613,6.1666666667,0,4.3550926874,-64.6886663541,4.1811135103,-65.9301316963
0.023,-0.7,1.688,17.967,0,0,695.365,10.277,-0.7084343035,17.8181690397,4.4,-128.4,4.3329479544,-60.1929551339,4.3659577176,-64.4484581014
0.019,-0.678,1.774,17.325,0,0,695.37,10.282,-0.6863236599,17.5000506411,4.5,0,4.2722510922,-54.4955209743,4.6030118951,-60.7592781483
0.016,-0.66,1.861,17.325,0,0,695.374,10.286,-0.6649267748,17.1973492806,4.6,0,4.376410922,-47.5662369138,5.0649963159,-54.734322326
0.013,-0.637,1.947,17.325,0,0,695.379,10.291,-0.6432547654,16.9175163676,4.8333333333,-213.833333333,4.8965111345,-37.8908690096,5.9188138417,-47.051860732
0.01,-0.608,2.028,16.042,0,0,695.385,10.297,-0.6191213751,16.6814341502,4.75,0,6.0917177016,-26.6518163354,7.2348293875,-38.8372662135
0.007,-0.589,2.108,16.042,0,0,695.389,10.301,-0.5891125747,16.5072813516,3,256.6,8.1126771786,-19.8005376017,8.9340589058,-31.0691891263
0.004,-0.574,2.194,17.325,0,0,695.394,10.306,-0.5490103486,16.3798555623,8.2,-256.6,10.7634785591,-19.143955751,10.8205269831,-24.4378150516
0.002,-0.533,2.275,16.042,0,0,695.399,10.311,-0.4955550689,16.2684859348,19.2,0,13.3961867826,-19.1507787049,12.6302263203,-19.2996964506
0,-0.437,2.355,16.042,0,0,695.404,10.316,-0.4287901758,16.1663533556,18.8,0,15.2468972774,-16.5117872307,14.0975959717,-15.7320495707
-0.002,-0.343,2.435,16.042,0,0,695.409,10.321,-0.3526346668,16.0824489752,18.8,0,15.9586327216,-13.2588863746,15.0501840993,-13.7693320833
-0.003,-0.249,2.515,16.042,0,0,695.414,10.326,-0.2728095637,16.0163672673,12.4,0,15.7317425815,-11.3944697137,15.4661239562,-13.4950791213
-0.004,-0.187,2.596,16.042,0,0,695.419,10.331,-0.1940350445,15.9589973141,17.8,-128.4,15.0616653882,-11.8754211891,15.4522144733,-14.895226459
-0.004,-0.098,2.673,15.4,0,0,695.424,10.336,-0.1185582458,15.8979040596,8.4,256.6,14.4420497428,-16.275078682,15.164399897,-17.6774227087
-0.004,-0.056,2.756,16.683,0,0,695.429,10.341,-0.0461798848,15.8143786154,13,-256.6,14.1506045968,-23.7334348469,14.7209207898,-21.2580327585
-0.004,0.009,2.833,15.4,0,0,695.434,10.346,0.0246410056,15.6958296441,15.2,0,14.1068194035,-30.2548277399,14.1554602609,-24.9987227001
-0.004,0.085,2.91,15.4,0,0,695.439,10.351,0.0949751387,15.551602543,15,0,13.9745552474,-34.8126949758,13.430340525,-28.5483057126
-0.003,0.16,2.987,15.4,0,0,695.444,10.356,0.1641476405,15.3977021193,14.8,0,13.4330909852,-39.7030760672,12.4947216073,-32.0091663834
-0.001,0.234,3.064,15.4,0,0,695.449,10.361,0.2298709059,15.2383911372,14.2,-128.4,12.3477776064,-45.2967392201,11.3496302206,-35.7977086119
0,0.305,3.138,14.758,0,0,695.454,10.366,0.2893197678,15.0717381256,7,0,10.7737928104,-50.5615253231,10.0820373467,-40.3096714591
0.002,0.34,3.212,14.758,0,0,695.459,10.371,0.3403443217,14.8895779991,10.3333333333,107,8.8112680204,-53.8180538011,8.8332675509,-45.5176607511
0.004,0.402,3.289,15.4,0,0,695.465,10.377,0.3821865972,14.6722406302,9,-320.75,6.5014837817,-49.1258930312,7.7094078075,-50.7785299539
0.006,0.438,3.359,14.117,0,0,695.469,10.381,0.4159398869,14.4082697224,1.2,0,3.9209690888,-30.2348789641,6.7263342588,-55.3477203271
0.009,0.444,3.43,14.117,0,0,695.474,10.386,0.445152543,14.112577833,1.2,0,1.2176301346,0.0215524909,5.8278952166,-59.2087134441
